Scarpe,Prezzo,Materiale,Tipo,Sottotipo,Macro_categoria,Micro_categoria,Brand
Men's Leather Loafers,139.5,Leather,Loafers,Leather Loafers,Mocassini,Mocassini,NG
Men's Patent Oxford Shoes,149.5,Patent,Oxford Shoes,Patent Oxford Shoes,Scarpe eleganti,Stringate / Derby,NG
Men's Leather Derbys,149.5,Leather,Derby Shoes,Leather Derby Shoes,Scarpe eleganti,Stringate / Derby,NG
Men's Double Leather Buckle,159.5,Leather,Buckle Shoes,Leather Buckle Shoes,Scarpe eleganti,Stringate / Derby,NG
Men's Leather Sneakers,129.5,Leather,Sneakers,Low Sneakers,Sneakers,Sneakers basse,NG
Men's Suede Loafers,149.5,Suede,Loafers,Suede Loafers,Mocassini,Mocassini,NG
Men's Suede Loafers,139.5,Suede,Loafers,Suede Loafers,Mocassini,Mocassini,NG
Men's Suede Derby Shoes,139.5,Suede,Derby Shoes,Suede Derby Shoes,Scarpe eleganti,Stringate / Derby,NG
Men's Leather Sneakers,159.5,Leather,Sneakers,Low Sneakers,Sneakers,Sneakers basse,NG
Men's Leather And Suede Sneakers,145.0,Leather,Sneakers,Low Sneakers,Sneakers,Sneakers basse,NG
Men's Suede Sneakers,149.5,Suede,Sneakers,Low Sneakers,Sneakers,Sneakers basse,NG
Men's Leather And Suede Sneakers,139.5,Leather,Sneakers,Low Sneakers,Sneakers,Sneakers basse,NG
Men's Leather Sneakers,349.0,Leather,Sneakers,Low Sneakers,Sneakers,Sneakers basse,NG
Men's Leather Tie-Up Shoes,159.5,Leather,Tie-Up Shoes,Leather Tie-Up Shoes,Scarpe eleganti,Stringate / Derby,NG
Men's Leather Loafers,159.5,Leather,Loafers,Leather Loafers,Mocassini,Mocassini,NG
Men's Leather Tie-Up Shoes,149.5,Leather,Tie-Up Shoes,Leather Tie-Up Shoes,Scarpe eleganti,Stringate / Derby,NG
Men's Suede And Canvas Sneakers,159.5,Suede,Sneakers,Low Sneakers,Sneakers,Sneakers basse,NG
Men's Suede Sneakers,139.5,Suede,Sneakers,Low Sneakers,Sneakers,Sneakers basse,NG
Men's Leather Sneakers,139.5,Leather,Sneakers,Low Sneakers,Sneakers,Sneakers basse,NG
Men's Leather And Suede Sneakers,149.5,Leather,Sneakers,Low Sneakers,Sneakers,Sneakers basse,NG
Men's Leather Sneakers,149.5,Leather,Sneakers,Low Sneakers,Sneakers,Sneakers basse,NG
Men's Suede Sneakers,159.5,Suede,Sneakers,Low Sneakers,Sneakers,Sneakers basse,NG
Men's Leather And Canvas Sneakers,159.5,Leather,Sneakers,Low Sneakers,Sneakers,Sneakers basse,NG
Men's Suede Slippers,89.9,Suede,Slippers,Suede Slippers,Ciabatte & Pantofole,Ciabatte,NG
Men's Leather Slippers,75.0,Leather,Slippers,Leather Slippers,Ciabatte & Pantofole,Ciabatte,NG
Men's Leather Derbys,159.5,Leather,Derby Shoes,Leather Derby Shoes,Scarpe eleganti,Stringate / Derby,NG
Men's Suede Tie-Up Shoes,149.5,Suede,Tie-Up Shoes,Suede Tie-Up Shoes,Scarpe eleganti,Stringate / Derby,NG
Men's Patent Leather Loafers,149.5,Leather,Loafers,Leather Loafers,Mocassini,Mocassini,NG
Men's Leather Loafers,149.5,Leather,Loafers,Leather Loafers,Mocassini,Mocassini,NG
Men's Patent Derby Shoes,149.5,Patent,Derby Shoes,Patent Derby Shoes,Scarpe eleganti,Stringate / Derby,NG
"Men's Leather, Canvas And Suede Sneakers",159.5,Leather,Sneakers,Low Sneakers,Sneakers,Sneakers basse,NG
Men's Leather Sneakers,145.0,Leather,Sneakers,Low Sneakers,Sneakers,Sneakers basse,NG
Men's Patent Tie-Up Shoes,159.5,Patent,Tie-Up Shoes,Patent Tie-Up Shoes,Scarpe eleganti,Stringate / Derby,NG
Men's Suede Sneakers,145.0,Suede,Sneakers,Low Sneakers,Sneakers,Sneakers basse,NG
Men's Leather Combat Boots,199.5,Leather,Combat Boots,Leather Combat Boots,Stivali & Stivaletti,Stivali,NG
Men's High Top Leather Sneakers,189.5,Leather,Sneakers,High Top Sneakers,Sneakers,Sneakers alte,NG
Men's Leather Chelsea Boots,159.5,Leather,Chelsea Boots,Leather Chelsea Boots,Stivali & Stivaletti,Stivaletti,NG
Men's Leather Tie-Up Shoes,139.5,Leather,Tie-Up Shoes,Leather Tie-Up Shoes,Scarpe eleganti,Stringate / Derby,NG
Men's Suede Tie-Up Shoes,139.5,Suede,Tie-Up Shoes,Suede Tie-Up Shoes,Scarpe eleganti,Stringate / Derby,NG
Men's Leather Chelsea Boots,169.5,Leather,Chelsea Boots,Leather Chelsea Boots,Stivali & Stivaletti,Stivaletti,NG
Men's Leather Chelsea Boots,179.5,Leather,Chelsea Boots,Leather Chelsea Boots,Stivali & Stivaletti,Stivaletti,NG
Men's Leather Tie-Up Shoes,155.0,Leather,Tie-Up Shoes,Leather Tie-Up Shoes,Scarpe eleganti,Stringate / Derby,NG
Men's Suede Tie-Up Shoes,145.0,Suede,Tie-Up Shoes,Suede Tie-Up Shoes,Scarpe eleganti,Stringate / Derby,NG
Men's Suede Chelsea Boots,159.5,Suede,Chelsea Boots,Suede Chelsea Boots,Stivali & Stivaletti,Stivaletti,NG
Men's Suede Desert Boots,139.5,Suede,Desert Boots,Suede Desert Boots,Stivali & Stivaletti,Stivaletti,NG
Men's Suede Chelsea Boots,155.0,Suede,Chelsea Boots,Suede Chelsea Boots,Stivali & Stivaletti,Stivaletti,NG
"Men's Suede, Leather And Canvas Sneakers",149.5,Leather,Sneakers,Low Sneakers,Sneakers,Sneakers basse,NG
Men's Leather And Suede Sneakers,159.5,Leather,Sneakers,Low Sneakers,Sneakers,Sneakers basse,NG
