Scarpe,Prezzo,Categoria,Macro_categoria,Micro_categoria,Brand
Spherica Plus Uomo,119.9,Sneaker slip in,Sneakers,Sneakers slip-in,G
Spherica Plus Uomo,109.9,Sneaker slip in,Sneakers,Sneakers slip-in,G
Wells Uomo,109.9,Sneakers basse,Sneakers,Sneakers basse,G
Spherica Uomo,99.9,Sneakers basse,Sneakers,Sneakers basse,G
Pantelleria Uomo,89.9,Espadrillas,Ciabatte & Pantofole,Espadrillas,G
Spherica Plus Uomo,129.9,Sneaker slip in,Sneakers,Sneakers slip-in,G
Renan Uomo,119.9,Sneakers basse,Sneakers,Sneakers basse,G
Regio Uomo,139.9,Scarpe in pelle,Scarpe eleganti,Stringate / Derby,G
Spherica Actif X4 Uomo,119.9,Sneakers basse,Sneakers,Sneakers basse,G
Xand 2S Uomo,89.9,Sandali aperti,Sandali,Sandali aperti,G
Nebula 2.0 Plus Uomo,139.9,Sneaker slip in,Sneakers,Sneakers slip-in,G
Baltmoore Uomo,99.9,Sneakers basse,Sneakers,Sneakers basse,G
Strada Uomo,79.9,Sandali chiusi,Sandali,Sandali chiusi,G
Terreno + Grip Uomo,79.9,Sandali aperti,Sandali,Sandali aperti,G
Recanati Uomo,129.9,Mocassini in pelle,Mocassini,Mocassini,G
Strada Uomo,79.9,Sandali sportivi,Sandali,Sandali sportivi,G
Spherica Ecub-1 Uomo,139.9,Sneakers basse,Sneakers,Sneakers basse,G
Snake Original Uomo,109.9,Sneakers basse vintage,Sneakers,Sneakers vintage,G
Parnaiba Uomo,79.9,Ciabatte,Ciabatte & Pantofole,Ciabatte,G
Deiven Uomo,109.9,Scarpe in pelle,Scarpe eleganti,Stringate / Derby,G
Spherica Uomo,109.9,Sneakers basse,Sneakers,Sneakers basse,G
Flextride Plus Uomo,99.9,Sneaker slip in,Sneakers,Sneakers slip-in,G
Gxcp-01 Uomo,104.93,Scarpe camoscio,Scarpe eleganti,Stringate / Derby,G
Flextride Plus Uomo,109.9,Sneaker slip in,Sneakers,Sneakers slip-in,G
Recanati Uomo,119.9,Mocassini in pelle,Mocassini,Mocassini,G
Spherica Uomo,99.9,Sneakers in tessuto,Sneakers,Sneakers basse,G
Strada Uomo,79.9,Sandali aperti,Sandali,Sandali aperti,G
Gxrn-02 Uomo,94.5,Sneakers basse,Sneakers,Sneakers basse,G
Gxcp-02 Uomo,104.93,Sneakers basse,Sneakers,Sneakers basse,G
Sandal Ghita Uomo,79.9,Sandali aperti,Sandali,Sandali aperti,G
Kosmopolis + Grip Uomo,119.9,Mocassini scamosciati,Mocassini,Mocassini,G
Spherica Actif X S Uomo,89.9,Sandali sportivi,Sandali,Sandali sportivi,G
Gxcp-01 Uomo,104.93,Sneakers basse,Sneakers,Sneakers basse,G
Sandal Ghita Uomo,79.9,Ciabatte,Ciabatte & Pantofole,Ciabatte,G
Wells Uomo,109.9,Sneakers senza lacci,Sneakers,Sneakers basse,G
Kosmopolis + Grip Uomo,129.9,Mocassini in pelle,Mocassini,Mocassini,G
Spherica Ecub-1 B Uomo,139.9,Sneakers basse,Sneakers,Sneakers basse,G
Dynamia Uomo,145.0,Sneakers basse,Sneakers,Sneakers basse,G
Sandal Ghita Uomo,89.9,Ciabatte,Ciabatte & Pantofole,Ciabatte,G
Spherica Ec5 Uomo,89.9,Sandali sportivi,Sandali,Sandali sportivi,G
Spherica Actif X3 Uomo,119.9,Sneakers basse,Sneakers,Sneakers basse,G
Gxrn-01 Uomo,104.93,Sneakers basse,Sneakers,Sneakers basse,G
Sedral Court Uomo,119.9,Sneakers basse,Sneakers,Sneakers basse,G
Erice Uomo,69.9,Ciabatte,Ciabatte & Pantofole,Ciabatte,G
Spherica Ec16 Uomo,129.9,Mocassini scamosciati,Mocassini,Mocassini,G
Baltmoore Uomo,109.9,Sneakers basse,Sneakers,Sneakers basse,G
Spherica Ec16 Uomo,129.9,Mocassini in pelle,Mocassini,Mocassini,G
Symbol Uomo,109.9,Scarpe in pelle,Scarpe eleganti,Stringate / Derby,G
Spherica Actif X1 Uomo,119.9,Sneakers basse,Sneakers,Sneakers basse,G
Velletri Uomo,139.9,Scarpe in pelle,Scarpe eleganti,Stringate / Derby,G
Spherica Uomo,99.9,Sneakers senza lacci,Sneakers,Sneakers basse,G
Parnaiba Uomo,79.9,Sandali infradito,Sandali,Sandali infradito,G
Sandal Ghita Uomo,69.9,Ciabatte,Ciabatte & Pantofole,Ciabatte,G
Flextride S Uomo,89.9,Sandali sportivi,Sandali,Sandali sportivi,G
Flextride S Uomo,89.9,Ciabatte,Ciabatte & Pantofole,Ciabatte,G
Flextride Uomo,99.9,Mocassini da barca,Mocassini,Boat shoes,G
Spherica Ecub-1 B Uomo,119.9,Mocassini scamosciati,Mocassini,Mocassini,G
Aerantis Plus Uomo,149.9,Sneaker slip in,Sneakers,Sneakers slip-in,G
Flextride F Plus Uomo,109.9,Sneaker slip in,Sneakers,Sneakers slip-in,G
Spherica Ec12 Uomo,129.9,Scarpe in pelle,Scarpe eleganti,Stringate / Derby,G
Urbanglider Uomo,125.0,Sneakers basse,Sneakers,Sneakers basse,G
Moner W 2Fit Uomo,139.9,Mocassini in pelle,Mocassini,Mocassini,G
Nebula 2.0 Plus Uomo,149.9,Sneaker slip in,Sneakers,Sneakers slip-in,G
Barberigo Uomo,145.0,Mocassini in pelle,Mocassini,Mocassini,G
Flextride Zero Uomo,99.9,Sneakers basse,Sneakers,Sneakers basse,G
Pantelleria Uomo,109.9,Mocassini scamosciati,Mocassini,Mocassini,G
Gladwin Uomo,99.9,Scarpe in pelle,Scarpe eleganti,Stringate / Derby,G
Iacopo Uomo,139.9,Scarpe in pelle,Scarpe eleganti,Stringate / Derby,G
Barberigo Uomo,145.0,Scarpe in pelle,Scarpe eleganti,Stringate / Derby,G
Brandolf Uomo,99.9,Scarpe in pelle,Scarpe eleganti,Stringate / Derby,G
Capitale Uomo,199.9,Scarpe in pelle,Scarpe eleganti,Stringate / Derby,G
Spherica Ec11 B Uomo,139.9,Mocassini in pelle,Mocassini,Mocassini,G
Spherica Ec17 Uomo,135.0,Mocassini scamosciati,Mocassini,Mocassini,G
Walk Pleasure B Uomo,169.9,Scarpe in pelle,Scarpe eleganti,Stringate / Derby,G
Spherica Ec11 Uomo,139.9,Scarpe in pelle,Scarpe eleganti,Stringate / Derby,G
Xand 2S Uomo,89.9,Ciabatte,Ciabatte & Pantofole,Ciabatte,G
Climasandal Cork Uomo,99.9,Ciabatte,Ciabatte & Pantofole,Ciabatte,G
Metropoli Uomo,145.0,Sneakers basse,Sneakers,Sneakers basse,G
Walk Pleasure B Uomo,169.9,Scarpe camoscio,Scarpe eleganti,Stringate / Derby,G
Medos Uomo,199.9,Mocassini in pelle,Mocassini,Mocassini,G
Flextride R Uomo,99.9,Sneakers basse,Sneakers,Sneakers basse,G
Spherica Ec12 Uomo,119.9,Scarpe camoscio,Scarpe eleganti,Stringate / Derby,G
Spherica Ec17 Uomo,135.0,Scarpe camoscio,Scarpe eleganti,Stringate / Derby,G
Serifos Uomo,89.9,Sneakers basse,Sneakers,Sneakers basse,G
Avery Uomo,99.9,Sneakers basse,Sneakers,Sneakers basse,G
Vittour Uomo,99.9,Sneakers basse,Sneakers,Sneakers basse,G
Spherica Ec2 Plus Uomo,139.9,Sneaker slip in,Sneakers,Sneakers slip-in,G
Archive Snake Uomo,149.9,Sneakers basse vintage,Sneakers,Sneakers vintage,G
Baltmoore Uomo,89.9,Sneakers basse,Sneakers,Sneakers basse,G
Archive Snake Uomo,169.9,Sneakers basse vintage,Sneakers,Sneakers vintage,G
Vittour Uomo,89.9,Sneakers basse,Sneakers,Sneakers basse,G
