Scarpe,Categoria,Prezzo reale,Prezzo scontato,Materiale,In sconto,Materiale_pulito,Macro_categoria,Micro_categoria,Brand
Torhill Lo,Scarpe da uomo,120.0,120.0,Cola scamosciata,False,Non specificato,Scarpe eleganti,Stringate / Derby,C
Godney Boat,Scarpe Originals da Uomo,130.0,130.0,Pelle marrone chiaro britannica,False,Pelle,Scarpe eleganti,Stringate / Derby,C
Berwick Seam,Scarpe da uomo,85.0,85.0,Pelle nera,False,Pelle,Scarpe eleganti,Stringate / Derby,C
Lockford Boat,Scarpe da uomo,90.0,90.0,Azzurro,False,Non specificato,Scarpe eleganti,Stringate / Derby,C
Brantin Plain,Scarpe da uomo,85.0,85.0,Maglia grigia,False,Maglia,Scarpe eleganti,Stringate / Derby,C
Holworth Lace,Scarpe da uomo,75.0,60.0,Pelle blu scuro,True,Pelle,Scarpe eleganti,Stringate / Derby,C
Torview,Scarpe da uomo,130.0,130.0,Pelle marrone chiaro,False,Pelle,Scarpe eleganti,Stringate / Derby,C
Lockford Easy,Scarpe da uomo,90.0,90.0,Pelle marrone,False,Pelle,Scarpe eleganti,Stringate / Derby,C
Lockford Lace,Scarpe da uomo,90.0,90.0,Camoscio Sabbia Scuro,False,Camoscio,Scarpe eleganti,Stringate / Derby,C
Torhill Lo,Scarpe da uomo,120.0,120.0,Pelle scamosciata verde oliva,False,Pelle,Scarpe eleganti,Stringate / Derby,C
Polden Moc,Scarpe da uomo,110.0,110.0,Pelle Scamosciata Blu Scuro,False,Pelle,Scarpe eleganti,Stringate / Derby,C
Godney Boat,Scarpe Originals Icon da Uomo,130.0,130.0,Pelle nera,False,Pelle,Scarpe eleganti,Stringate / Derby,C
Holworth Lace,Scarpe da uomo,75.0,75.0,Pelle marrone,False,Pelle,Scarpe eleganti,Stringate / Derby,C
Aldwin Lace,Scarpe da uomo,110.0,110.0,Camoscio grigio,False,Camoscio,Scarpe eleganti,Stringate / Derby,C
Polden Moc,Scarpe da uomo,110.0,110.0,Camoscio Sabbia Scuro,False,Camoscio,Scarpe eleganti,Stringate / Derby,C
Banbury Derby,Scarpe da uomo,80.0,80.0,Pelle nera,False,Pelle,Scarpe eleganti,Stringate / Derby,C
Banbury Tip,Scarpe da uomo,80.0,80.0,Pelle nera,False,Pelle,Scarpe eleganti,Stringate / Derby,C
Aldwin Limit Brogue,Scarpe da uomo,110.0,110.0,Pelle blu scuro,False,Pelle,Scarpe eleganti,Stringate / Derby,C
Aldwin Lace,Scarpe da uomo,110.0,110.0,Pelle scamosciata marrone chiaro,False,Pelle,Scarpe eleganti,Stringate / Derby,C
Romsey Lace,Scarpe sportive da uomo,79.95,79.95,Pelle Bianca,False,Pelle,Sneakers,Sneakers basse,C
Cleyhill Seam,Scarpe da uomo,120.0,120.0,Camoscio Sabbia Scuro,False,Camoscio,Scarpe eleganti,Stringate / Derby,C
Desert Trek,Scarpe Originals da Uomo,130.0,130.0,Camoscio Sabbia,False,Camoscio,Scarpe eleganti,Stringate / Derby,C
Berwick Lo,Scarpe da uomo,85.0,85.0,Pelle nera,False,Pelle,Scarpe eleganti,Stringate / Derby,C
Lockford Lace,Scarpe da uomo,90.0,90.0,Camoscio grigio,False,Camoscio,Scarpe eleganti,Stringate / Derby,C
Charmouth Lace,Scarpe da uomo,90.0,90.0,Nabuk blu scuro,False,Nabuk,Scarpe eleganti,Stringate / Derby,C
Lockford Boat,Scarpe da uomo,90.0,90.0,Camoscio grigio,False,Camoscio,Scarpe eleganti,Stringate / Derby,C
Brantin Plain,Scarpe da uomo,85.0,85.0,Pelle blu scuro,False,Pelle,Scarpe eleganti,Stringate / Derby,C
Radwell Tie,Scarpe da uomo,100.0,100.0,Pelle marrone chiaro,False,Pelle,Scarpe eleganti,Stringate / Derby,C
Craft Emile,Scarpe da uomo,120.0,120.0,Pelle marrone,False,Pelle,Scarpe eleganti,Stringate / Derby,C
Polden Lace,Scarpe da uomo,120.0,120.0,Pelle marrone,False,Pelle,Scarpe eleganti,Stringate / Derby,C
Lockford Boat,Scarpe da uomo,90.0,90.0,Pelle Scamosciata Blu Scuro,False,Pelle,Scarpe eleganti,Stringate / Derby,C
Solevana Easy,Scarpe sportive da uomo,75.0,75.0,Nero,False,Non specificato,Sneakers,Sneakers basse,C
Charmouth Lace,Scarpe da uomo,90.0,90.0,Pelle marrone,False,Pelle,Scarpe eleganti,Stringate / Derby,C
Desert Nomad 2026,Scarpe Originals da Uomo,190.0,190.0,Pelle scamosciata d'acero,False,Pelle,Scarpe eleganti,Stringate / Derby,C
Wallabee,Scarpe Originals da Uomo,130.0,130.0,Pelle scamosciata d'acero,False,Pelle,Scarpe eleganti,Stringate / Derby,C
Eldredge Plain,Scarpe da uomo,120.0,120.0,Pelle nera,False,Pelle,Scarpe eleganti,Stringate / Derby,C
Lockford Lace,Scarpe da uomo,90.0,90.0,Pelle blu scuro,False,Pelle,Scarpe eleganti,Stringate / Derby,C
Craft James Lo,Scarpe da uomo,160.0,160.0,Interesse marrone,False,Non specificato,Scarpe eleganti,Stringate / Derby,C
Courtlite2 Run,Scarpe sportive da uomo,100.0,100.0,Pelle Bianca,False,Pelle,Sneakers,Sneakers basse,C
Wallabee 2604,Scarpe Originals Icon da Uomo,160.0,160.0,Camoscio grigio,False,Camoscio,Scarpe eleganti,Stringate / Derby,C
Torhill Lace,Scarpe da uomo,120.0,120.0,Pelle Bianca,False,Pelle,Scarpe eleganti,Stringate / Derby,C
Romsey Lace,Scarpe sportive da uomo,80.0,80.0,Pelle marrone chiaro,False,Pelle,Sneakers,Sneakers basse,C
Check Lace,Scarpe sportive da uomo,70.0,70.0,Nero,False,Non specificato,Sneakers,Sneakers basse,C
Aldwin Limit Brogue,Scarpe da uomo,110.0,110.0,Pelle marrone chiaro,False,Pelle,Scarpe eleganti,Stringate / Derby,C
Lockford Boat,Scarpe da uomo,90.0,90.0,Camoscio Sabbia Scuro,False,Camoscio,Scarpe eleganti,Stringate / Derby,C
Craft Swift,Scarpe sportive da uomo,120.0,120.0,Pelle marrone,False,Pelle,Sneakers,Sneakers basse,C
Craft Remi Tip,Scarpe da uomo,120.0,120.0,Pelle marrone,False,Pelle,Scarpe eleganti,Stringate / Derby,C
Seco Speed,Scarpe sportive da uomo,75.0,75.0,Camoscio verde,False,Camoscio,Sneakers,Sneakers basse,C
Lapford Lace,Scarpe da uomo,89.95,89.95,Nabuk blu scuro,False,Nabuk,Scarpe eleganti,Stringate / Derby,C
Mapstone Lace,Scarpe da uomo,120.0,120.0,Pelle blu scuro,False,Pelle,Scarpe eleganti,Stringate / Derby,C
Solevana Style,Scarpe sportive da uomo,80.0,80.0,Nero,False,Non specificato,Sneakers,Sneakers basse,C
Craft Remi Lace,Scarpe da uomo,120.0,120.0,Pelle marrone chiaro,False,Pelle,Scarpe eleganti,Stringate / Derby,C
Solevana Style,Scarpe sportive da uomo,80.0,80.0,Bianco,False,Non specificato,Sneakers,Sneakers basse,C
Seco Speed,Scarpe sportive da uomo,75.0,75.0,Camoscio Sabbia Scuro,False,Camoscio,Sneakers,Sneakers basse,C
Torhill Lo,Scarpe da uomo,120.0,120.0,Tessile verde,False,Non specificato,Scarpe eleganti,Stringate / Derby,C
Un Costa Lace,Scarpe sportive da uomo,110.0,76.95,Nero,True,Non specificato,Sneakers,Sneakers basse,C
Torhill Lo,Scarpe da uomo,110.0,110.0,Tela marina,False,Tela,Scarpe eleganti,Stringate / Derby,C
Flexway Step Loafer,Scarpe da uomo,80.0,80.0,Cola scamosciata,False,Non specificato,Scarpe eleganti,Stringate / Derby,C
Torhill Lo,Scarpe da uomo,120.0,120.0,Pelle nera,False,Pelle,Scarpe eleganti,Stringate / Derby,C
Mullan Easy,Scarpe da uomo,130.0,130.0,Combinazione della Marina,False,Non specificato,Scarpe eleganti,Stringate / Derby,C
Godney Boat,Scarpe Originals Icon da Uomo,130.0,130.0,Pelle marrone,False,Pelle,Scarpe eleganti,Stringate / Derby,C
Aldwin Lace GORE-TEX,Scarpe da uomo,130.0,130.0,Pelle nera,False,Pelle,Scarpe eleganti,Stringate / Derby,C
Torhill Lo,Scarpe da uomo,110.0,110.0,Tela bianca,False,Tela,Scarpe eleganti,Stringate / Derby,C
Wallabee,Scarpe Originals da Uomo,170.0,170.0,Pelle Bianca,False,Pelle,Scarpe eleganti,Stringate / Derby,C
Wallabee 2604,Scarpe Originals Icon da Uomo,160.0,160.0,Brevetto della Marina,False,Non specificato,Scarpe eleganti,Stringate / Derby,C
Desert Rock Lo,Scarpe Originals Icon da Uomo,140.0,140.0,Camoscio nero,False,Camoscio,Scarpe eleganti,Stringate / Derby,C
Solsbury Mule,Sandali da uomo,100.0,100.0,Pelle scamosciata kaki,False,Pelle,Sandali,Sandali aperti,C
Wallabee,Scarpe Originals Icon da Uomo,150.0,150.0,Pelle marrone scuro,False,Pelle,Scarpe eleganti,Stringate / Derby,C
Godney Boat,Scarpe Originals Icon da Uomo,130.0,130.0,Combinazione della Marina,False,Non specificato,Scarpe eleganti,Stringate / Derby,C
Wallabee EVO,Scarpe da uomo,99.0,99.0,Combinazione di abbronzatura,False,Non specificato,Scarpe eleganti,Stringate / Derby,C
Desert Nomad 2026,Scarpe Originals da Uomo,190.0,190.0,Camoscio nero,False,Camoscio,Scarpe eleganti,Stringate / Derby,C
Wallabee,Scarpe Originals Icon da Uomo,140.0,140.0,Brown Perforated,False,Non specificato,Scarpe eleganti,Stringate / Derby,C
Renzo Lace,Scarpe da uomo,120.0,120.0,Pelle marrone chiaro,False,Pelle,Scarpe eleganti,Stringate / Derby,C
Renzo Easy,Scarpe da uomo,120.0,120.0,Pelle marrone scuro,False,Pelle,Scarpe eleganti,Stringate / Derby,C
Wesley Vibe,Sandali da uomo,60.0,60.0,Sabbia,False,Non specificato,Sandali,Sandali aperti,C
Wesley Vibe,Sandali da uomo,60.0,60.0,cera d'api,False,Non specificato,Sandali,Sandali aperti,C
Desert Trek,Scarpe Originals Icon da Uomo,140.0,140.0,Pelle Scamosciata Blu Scuro,False,Pelle,Scarpe eleganti,Stringate / Derby,C
Wallabee 2604,Scarpe Originals Icon da Uomo,160.0,160.0,Brevetto d'argento,False,Non specificato,Scarpe eleganti,Stringate / Derby,C
Meare Walla,Scarpe Originals Icon da Uomo,110.0,110.0,Cola scamosciata,False,Non specificato,Scarpe eleganti,Stringate / Derby,C
Wallabee EVO,Scarpe da uomo,89.0,89.0,Combinazione di olive,False,Non specificato,Scarpe eleganti,Stringate / Derby,C
Wallabee EVO,Scarpe da uomo,89.0,89.0,Camoscio verde,False,Camoscio,Scarpe eleganti,Stringate / Derby,C
Torford Boat,Scarpe da uomo,100.0,100.0,Pelle marrone chiaro,False,Pelle,Scarpe eleganti,Stringate / Derby,C
Torford Boat,Scarpe da uomo,100.0,100.0,Pelle blu scuro,False,Pelle,Scarpe eleganti,Stringate / Derby,C
Weaver 2026,Scarpe Originals Icon da Uomo,160.0,160.0,Pelle scamosciata d'acero,False,Pelle,Scarpe eleganti,Stringate / Derby,C
Weaver 2026,Scarpe Originals Icon da Uomo,160.0,160.0,Camoscio rosa,False,Camoscio,Scarpe eleganti,Stringate / Derby,C
Wallabee,Scarpe Originals Icon da Uomo,120.0,120.0,Smoke Grey Suede,False,Non specificato,Scarpe eleganti,Stringate / Derby,C
Wallabee,Scarpe Originals Icon da Uomo,130.0,130.0,Pelle Scamosciata Blu Scuro,False,Pelle,Scarpe eleganti,Stringate / Derby,C
Wallabee,Scarpe Originals Icon da Uomo,150.0,150.0,Maple Combination Print,False,Non specificato,Scarpe eleganti,Stringate / Derby,C
Wallabee GORE-TEX,Scarpe Originals da Uomo,230.0,230.0,Pelle Bianca,False,Pelle,Scarpe eleganti,Stringate / Derby,C
Spypath Lo GORE-TEX,Scarpe da uomo,150.0,150.0,Pelle nera,False,Pelle,Scarpe eleganti,Stringate / Derby,C
Solsbury Mule,Sandali da uomo,110.0,110.0,Pelle foderata marrone,False,Pelle,Sandali,Sandali aperti,C
Desert Trek,Scarpe Originals da Uomo,150.0,150.0,Marrone scuro,False,Non specificato,Scarpe eleganti,Stringate / Derby,C
Un Costa Lace,Scarpe sportive da uomo,129.0,129.0,Pelle marrone chiaro britannica,False,Pelle,Sneakers,Sneakers basse,C
Un Costa Lace,Scarpe sportive da uomo,129.0,129.0,Pelle blu scuro,False,Pelle,Sneakers,Sneakers basse,C
Tilden Walk,Scarpe da uomo,80.0,80.0,Pelle marrone chiaro scuro,False,Pelle,Scarpe eleganti,Stringate / Derby,C
Torhill Lo,Scarpe da uomo,120.0,120.0,Pelle scamosciata rossa,False,Pelle,Scarpe eleganti,Stringate / Derby,C
Wallabee EVO,Scarpe da uomo,89.0,89.0,Camoscio ocra,False,Camoscio,Scarpe eleganti,Stringate / Derby,C
Tor 80,Scarpe Originals Icon da Uomo,150.0,150.0,Combinazione bianca,False,Non specificato,Scarpe eleganti,Stringate / Derby,C
Solsbury Mule,Sandali da uomo,110.0,110.0,Pelle foderata nera,False,Pelle,Sandali,Sandali aperti,C
Mullan Moc,Scarpe da uomo,130.0,130.0,Pelle di cera d'api,False,Pelle,Scarpe eleganti,Stringate / Derby,C
Badbury Lace,Scarpe da uomo,110.0,110.0,Pelle marrone scuro,False,Pelle,Scarpe eleganti,Stringate / Derby,C
Wallabee EVO,Scarpe Originals Icon da Uomo,89.0,89.0,Pelle scamosciata verde oliva scuro,False,Pelle,Scarpe eleganti,Stringate / Derby,C
Un Aldric Lace,Scarpe da uomo,120.0,120.0,Pelle nera,False,Pelle,Scarpe eleganti,Stringate / Derby,C
Tilden Cap,Scarpe da uomo,80.0,80.0,Pelle marrone chiaro scuro,False,Pelle,Scarpe eleganti,Stringate / Derby,C
Tilden Plain,Scarpe da uomo,80.0,80.0,Pelle nera,False,Pelle,Scarpe eleganti,Stringate / Derby,C
Tilden Free,Scarpe da uomo,80.0,80.0,Pelle nera,False,Pelle,Scarpe eleganti,Stringate / Derby,C
Tilden Walk,Scarpe da uomo,80.0,80.0,Pelle nera,False,Pelle,Scarpe eleganti,Stringate / Derby,C
Tilden Cap,Scarpe da uomo,80.0,80.0,Pelle nera,False,Pelle,Scarpe eleganti,Stringate / Derby,C
Solsbury Mule,Sandali da uomo,99.95,99.95,Camoscio grigio,False,Camoscio,Sandali,Sandali aperti,C
Flexway Step Loafer,Scarpe da uomo,99.95,79.96,Pelle marrone chiaro,True,Pelle,Scarpe eleganti,Stringate / Derby,C
Wallabee 2604,Scarpe Originals Icon da Uomo,160.0,160.0,Pelle marrone,False,Pelle,Scarpe eleganti,Stringate / Derby,C
Charmouth Lace,Scarpe da uomo,90.0,90.0,Pelle marrone chiaro,False,Pelle,Scarpe eleganti,Stringate / Derby,C
Craft James LT,Scarpe da uomo,150.0,150.0,Pelle Scamosciata Blu Scuro,False,Pelle,Scarpe eleganti,Stringate / Derby,C
Meare Mocc,Scarpe Originals da Uomo,110.0,110.0,Camoscio Sabbia Scuro,False,Camoscio,Scarpe eleganti,Stringate / Derby,C
Meare Mocc,Scarpe Originals Icon da Uomo,110.0,110.0,Cola scamosciata,False,Non specificato,Scarpe eleganti,Stringate / Derby,C
Wallabee,Scarpe Originals da Uomo,190.0,190.0,Brown Brush Off,False,Non specificato,Scarpe eleganti,Stringate / Derby,C
Wallabee,Scarpe Originals da Uomo,190.0,190.0,Black Brush Off,False,Non specificato,Scarpe eleganti,Stringate / Derby,C
Wallabee,Scarpe Originals Icon da Uomo,150.0,150.0,Pelle mista bianca,False,Pelle,Scarpe eleganti,Stringate / Derby,C
Meare Walla,Scarpe Originals Icon da Uomo,110.0,110.0,Pelle scamosciata d'acero,False,Pelle,Scarpe eleganti,Stringate / Derby,C
Upton Lace,Scarpe da uomo,74.95,74.95,Camoscio nero,False,Camoscio,Scarpe eleganti,Stringate / Derby,C
Trigenic 2 Flex,Scarpe sportive da uomo,120.0,120.0,Nabuk nero,False,Nabuk,Sneakers,Sneakers basse,C
Newick Lace,Scarpe sportive da uomo,80.0,80.0,Nero,False,Non specificato,Sneakers,Sneakers basse,C
Desert Trek,Scarpe Originals da Uomo,120.0,120.0,Marrone scuro,False,Non specificato,Scarpe eleganti,Stringate / Derby,C
Desert Trek,Scarpe Originals da Uomo,130.0,130.0,Camoscio nero,False,Camoscio,Scarpe eleganti,Stringate / Derby,C
Wallabee,Scarpe Originals da Uomo,130.0,130.0,Coca Cola,False,Non specificato,Scarpe eleganti,Stringate / Derby,C
Wallabee,Scarpe Originals da Uomo,130.0,130.0,Pelle scamosciata marrone scuro,False,Pelle,Scarpe eleganti,Stringate / Derby,C
Wallabee,Scarpe Originals da Uomo,130.0,130.0,Camoscio nero,False,Camoscio,Scarpe eleganti,Stringate / Derby,C
Siena Zip,Scarpe da uomo,110.0,110.0,Pelle marrone,False,Pelle,Scarpe eleganti,Stringate / Derby,C
Siena Zip,Scarpe da uomo,110.0,110.0,Pelle nera,False,Pelle,Scarpe eleganti,Stringate / Derby,C
Siena Easy,Scarpe da uomo,110.0,110.0,Pelle marrone,False,Pelle,Scarpe eleganti,Stringate / Derby,C
Siena Easy,Scarpe da uomo,110.0,110.0,Pelle nera,False,Pelle,Scarpe eleganti,Stringate / Derby,C
Murano Easy,Scarpe da uomo,110.0,110.0,Pelle marrone chiaro,False,Pelle,Scarpe eleganti,Stringate / Derby,C
Murano Easy,Scarpe da uomo,110.0,110.0,Nabuk marrone scuro,False,Nabuk,Scarpe eleganti,Stringate / Derby,C
Craft Emile,Scarpe da uomo,120.0,120.0,Pelle nera,False,Pelle,Scarpe eleganti,Stringate / Derby,C
Seco Speed,Scarpe sportive da uomo,90.0,90.0,Cola scamosciata,False,Non specificato,Sneakers,Sneakers basse,C
Flexway 2 Eye,Scarpe da uomo,80.0,80.0,Nabuk blu scuro,False,Nabuk,Scarpe eleganti,Stringate / Derby,C
Flexway 2 Eye,Scarpe da uomo,80.0,80.0,Nabuk marrone,False,Nabuk,Scarpe eleganti,Stringate / Derby,C
Brantin Plain,Scarpe da uomo,85.0,85.0,Maglia blu scuro,False,Maglia,Scarpe eleganti,Stringate / Derby,C
Torview,Scarpe da uomo,130.0,130.0,Pelle bianco sporco,False,Pelle,Scarpe eleganti,Stringate / Derby,C
Brodin Seam,Scarpe da uomo,80.0,80.0,Marina Militare,False,Non specificato,Scarpe eleganti,Stringate / Derby,C
Radwell Tie,Scarpe da uomo,100.0,100.0,Pelle marrone,False,Pelle,Scarpe eleganti,Stringate / Derby,C
Goswell Tie,Scarpe da uomo,100.0,100.0,Pelle marrone chiaro,False,Pelle,Scarpe eleganti,Stringate / Derby,C
Goswell Tie,Scarpe da uomo,100.0,100.0,Pelle nera,False,Pelle,Scarpe eleganti,Stringate / Derby,C
Walla Yukoner,Scarpe Originals da Uomo,190.0,190.0,Pelle marrone,False,Pelle,Scarpe eleganti,Stringate / Derby,C
Clarks Pace,Scarpe sportive da uomo,130.0,130.0,Saggio,False,Non specificato,Sneakers,Sneakers basse,C
Clarks Pace,Scarpe sportive da uomo,130.0,130.0,Blu,False,Non specificato,Sneakers,Sneakers basse,C
Craft Remi Tip,Scarpe da uomo,120.0,120.0,Pelle marrone chiaro,False,Pelle,Scarpe eleganti,Stringate / Derby,C
Craft Remi Lace,Scarpe da uomo,120.0,120.0,Pelle nera,False,Pelle,Scarpe eleganti,Stringate / Derby,C
Craft James LT,Scarpe da uomo,150.0,150.0,Camoscio Sabbia Scuro,False,Camoscio,Scarpe eleganti,Stringate / Derby,C
Craft James LT,Scarpe da uomo,150.0,150.0,Pelle scamosciata marrone,False,Pelle,Scarpe eleganti,Stringate / Derby,C
Cleyhill Boat,Scarpe da uomo,120.0,120.0,Combinazione di olive,False,Non specificato,Scarpe eleganti,Stringate / Derby,C
Cleyhill Boat,Scarpe da uomo,120.0,120.0,Pelle marrone,False,Pelle,Scarpe eleganti,Stringate / Derby,C
Torview,Scarpe da uomo,140.0,140.0,Combinazione della Marina,False,Non specificato,Scarpe eleganti,Stringate / Derby,C
Torview,Scarpe da uomo,140.0,140.0,Multicolore,False,Non specificato,Scarpe eleganti,Stringate / Derby,C
Torhill Lo,Scarpe da uomo,120.0,120.0,Pelle blu scuro,False,Pelle,Scarpe eleganti,Stringate / Derby,C
Yukoner Penny,Scarpe Originals da Uomo,190.0,190.0,Pelle mista marrone,False,Pelle,Scarpe eleganti,Stringate / Derby,C
Walla Yukoner,Scarpe Originals da Uomo,190.0,190.0,Pelle nera,False,Pelle,Scarpe eleganti,Stringate / Derby,C
Wallabee,Scarpe Originals Icon da Uomo,160.0,160.0,Stampa tigre,False,Non specificato,Scarpe eleganti,Stringate / Derby,C
Desert Trek,Scarpe Originals Icon da Uomo,150.0,150.0,Leopardato,False,Non specificato,Scarpe eleganti,Stringate / Derby,C
Wallabee,Scarpe Originals Icon da Uomo,150.0,150.0,Blue/Green Stripe,False,Non specificato,Scarpe eleganti,Stringate / Derby,C
Molland Go,Scarpe sportive da uomo,80.0,80.0,Combinazione di olive,False,Non specificato,Sneakers,Sneakers basse,C
Paulton Over,Scarpe da uomo,100.0,100.0,Pelle nera,False,Pelle,Scarpe eleganti,Stringate / Derby,C
Paulton Cap,Scarpe da uomo,100.0,100.0,Pelle nera,False,Pelle,Scarpe eleganti,Stringate / Derby,C
Coxley Mule,Pantofole da Uomo,50.0,50.0,Grigio,False,Non specificato,Ciabatte & Pantofole,Pantofole,C
Romsey Lace,Scarpe sportive da uomo,80.0,80.0,Nero bianco,False,Non specificato,Sneakers,Sneakers basse,C
Motion Trek LX,Scarpe da uomo,85.0,85.0,Pelle nera,False,Pelle,Scarpe eleganti,Stringate / Derby,C
Craftwell Step,Scarpe da uomo,80.0,80.0,Pelle marrone chiaro,False,Pelle,Scarpe eleganti,Stringate / Derby,C
Craftwell Step,Scarpe da uomo,80.0,80.0,Nero burattato,False,Non specificato,Scarpe eleganti,Stringate / Derby,C
Craftwell Lace,Scarpe da uomo,80.0,80.0,Pelle marrone chiaro,False,Pelle,Scarpe eleganti,Stringate / Derby,C
Craftwell Lace,Scarpe da uomo,80.0,80.0,Pelle nera,False,Pelle,Scarpe eleganti,Stringate / Derby,C
Clarks Pace,Scarpe sportive da uomo,130.0,130.0,Nero,False,Non specificato,Sneakers,Sneakers basse,C
Spypath Step,Scarpe da uomo,120.0,120.0,Pelle di cera d'api,False,Pelle,Scarpe eleganti,Stringate / Derby,C
Spypath Ox,Scarpe da uomo,120.0,120.0,Nabuk blu scuro,False,Nabuk,Scarpe eleganti,Stringate / Derby,C
Spypath Ox,Scarpe da uomo,120.0,120.0,Pelle di cera d'api,False,Pelle,Scarpe eleganti,Stringate / Derby,C
Clarks Pace,Scarpe sportive da uomo,130.0,130.0,Marina Militare,False,Non specificato,Sneakers,Sneakers basse,C
Mullan Easy,Scarpe da uomo,130.0,130.0,Pelle marrone scuro,False,Pelle,Scarpe eleganti,Stringate / Derby,C
Mullan Step,Scarpe da uomo,130.0,130.0,Pelle nera,False,Pelle,Scarpe eleganti,Stringate / Derby,C
Banbury Derby,Scarpe da uomo,80.0,80.0,Pelle marrone chiaro,False,Pelle,Scarpe eleganti,Stringate / Derby,C
Desert Trek,Scarpe Originals Icon da Uomo,150.0,150.0,Pelle scamosciata marrone,False,Pelle,Scarpe eleganti,Stringate / Derby,C
Meare Walla,Scarpe Originals Icon da Uomo,130.0,130.0,Camoscio nero,False,Camoscio,Scarpe eleganti,Stringate / Derby,C
Berwick Lace,Scarpe da uomo,85.0,85.0,Pelle nera,False,Pelle,Scarpe eleganti,Stringate / Derby,C
Romsey Tie,Scarpe sportive da uomo,80.0,80.0,Pelle nera,False,Pelle,Sneakers,Sneakers basse,C
Torview,Scarpe da uomo,130.0,130.0,Camoscio Sabbia Scuro,False,Camoscio,Scarpe eleganti,Stringate / Derby,C
Torview,Scarpe da uomo,130.0,130.0,Camoscio nero,False,Camoscio,Scarpe eleganti,Stringate / Derby,C
Paulton Lace,Scarpe da uomo,100.0,100.0,Abbronzatura,False,Non specificato,Scarpe eleganti,Stringate / Derby,C
Paulton Lace,Scarpe da uomo,100.0,100.0,Nero,False,Non specificato,Scarpe eleganti,Stringate / Derby,C
Paulton Lo,Scarpe da uomo,100.0,100.0,Pelle nera,False,Pelle,Scarpe eleganti,Stringate / Derby,C
Craft Rally Ace,Scarpe sportive da uomo,110.0,110.0,Camoscio nero,False,Camoscio,Sneakers,Sneakers basse,C
Walla Yukoner,Scarpe Originals da Uomo,210.0,210.0,Grano scozzese marrone,False,Non specificato,Scarpe eleganti,Stringate / Derby,C
Meare Walla,Scarpe Originals Icon da Uomo,130.0,130.0,Pelle scamosciata marrone scuro,False,Pelle,Scarpe eleganti,Stringate / Derby,C
Romsey Lace,Scarpe sportive da uomo,79.95,79.95,Pelle nera,False,Pelle,Sneakers,Sneakers basse,C
Lapford Lace,Scarpe da uomo,89.95,89.95,Pelle marrone chiaro,False,Pelle,Scarpe eleganti,Stringate / Derby,C
Motion Trek MX,Scarpe da uomo,99.95,99.95,Marina Militare,False,Non specificato,Scarpe eleganti,Stringate / Derby,C
Motion Trek MX,Scarpe da uomo,99.95,99.95,Cachi,False,Non specificato,Scarpe eleganti,Stringate / Derby,C
Clarks Pro Free,Scarpe da uomo,110.0,110.0,Maglia nera,False,Maglia,Scarpe eleganti,Stringate / Derby,C
Courtlite2 Run,Scarpe sportive da uomo,119.0,119.0,Nabuk oliva,False,Nabuk,Sneakers,Sneakers basse,C
Courtlite2 Run,Scarpe sportive da uomo,100.0,100.0,Nabuk blu scuro,False,Nabuk,Sneakers,Sneakers basse,C
Solsbury Mule,Sandali da uomo,119.0,119.0,Camoscio Sabbia Scuro,False,Camoscio,Sandali,Sandali aperti,C
Solsbury Mule,Sandali da uomo,100.0,100.0,Cola scamosciata,False,Non specificato,Sandali,Sandali aperti,C
Polden Moc,Scarpe da uomo,110.0,110.0,Cola scamosciata,False,Non specificato,Scarpe eleganti,Stringate / Derby,C
Eldredge Plain,Scarpe da uomo,120.0,120.0,Pelle marrone scuro,False,Pelle,Scarpe eleganti,Stringate / Derby,C
Craft James Lo,Scarpe da uomo,195.0,195.0,Combinazione verde scuro,False,Non specificato,Scarpe eleganti,Stringate / Derby,C
Desert Trek GORE-TEX,Scarpe Originals da Uomo,170.0,170.0,Camoscio Sabbia,False,Camoscio,Scarpe eleganti,Stringate / Derby,C
Wallabee GORE-TEX,Scarpe Originals da Uomo,230.0,230.0,Pelle scamosciata d'acero,False,Pelle,Scarpe eleganti,Stringate / Derby,C
Craft James Cap,Scarpe da uomo,195.0,195.0,Pelle nera,False,Pelle,Scarpe eleganti,Stringate / Derby,C
Craft James Lo Loafer,Scarpe da uomo,160.0,160.0,Pelle nera,False,Pelle,Scarpe eleganti,Stringate / Derby,C
Craft James Tip Brogue,Scarpe da uomo,160.0,160.0,Pelle marrone chiaro,False,Pelle,Scarpe eleganti,Stringate / Derby,C
Craft James Tip Brogue,Scarpe da uomo,160.0,160.0,Pelle nera,False,Pelle,Scarpe eleganti,Stringate / Derby,C
Wesley Sun,Sandali Sportivi da Uomo,59.95,59.95,Pelle di cera d'api,False,Pelle,Sandali,Sandali sportivi,C
Sailview Step Loafer,Scarpe da uomo,90.0,90.0,Nabuk blu scuro,False,Nabuk,Scarpe eleganti,Stringate / Derby,C
Sailview Step Loafer,Scarpe da uomo,90.0,90.0,Nabuk marrone chiaro,False,Nabuk,Scarpe eleganti,Stringate / Derby,C
Sailview Lace,Scarpe da uomo,90.0,90.0,Nabuk blu scuro,False,Nabuk,Scarpe eleganti,Stringate / Derby,C
Sailview Lace,Scarpe da uomo,90.0,90.0,Nabuk marrone chiaro,False,Nabuk,Scarpe eleganti,Stringate / Derby,C
Craft Swift,Scarpe sportive da uomo,120.0,120.0,Pelle Bianca,False,Pelle,Sneakers,Sneakers basse,C
Atticus LT Lace,Scarpe da uomo,100.0,100.0,Nero,False,Non specificato,Scarpe eleganti,Stringate / Derby,C
Torhill Lo,Scarpe da uomo,120.0,120.0,Camoscio Sabbia Scuro,False,Camoscio,Scarpe eleganti,Stringate / Derby,C
Batcombe Tie,Scarpe da uomo,120.0,120.0,Pelle nera,False,Pelle,Scarpe eleganti,Stringate / Derby,C
Atticus LT Lace,Scarpe da uomo,100.0,100.0,Pelle marrone chiaro scuro,False,Pelle,Scarpe eleganti,Stringate / Derby,C
Torhill Lo,Scarpe da uomo,120.0,120.0,Camoscio nero,False,Camoscio,Scarpe eleganti,Stringate / Derby,C
Kerton Lace,Scarpe da uomo,89.95,89.95,Pelle nera,False,Pelle,Scarpe eleganti,Stringate / Derby,C
Home Mocc Slipper,Pantofole da Uomo,69.95,69.95,Pelle scamosciata marrone chiaro,False,Pelle,Ciabatte & Pantofole,Pantofole,C
Home Mocc Slipper,Pantofole da Uomo,69.95,69.95,Pelle Scamosciata Blu Scuro,False,Pelle,Ciabatte & Pantofole,Pantofole,C
Harston Elite Slipper,Pantofole da Uomo,95.0,95.0,Pelle nera,False,Pelle,Ciabatte & Pantofole,Pantofole,C
Un Costa Lace,Scarpe sportive da uomo,129.0,129.0,Pelle Bianca,False,Pelle,Sneakers,Sneakers basse,C
Cotrell Edge,Scarpe da uomo,80.0,80.0,Pelle liscia nera,False,Pelle,Scarpe eleganti,Stringate / Derby,C
Un Abode Go Loafer,Scarpe da uomo,139.0,139.0,Pelle nera,False,Pelle,Scarpe eleganti,Stringate / Derby,C
Un Abode Strap Loafer,Scarpe da uomo,130.0,130.0,Pelle nera,False,Pelle,Scarpe eleganti,Stringate / Derby,C
Cotrell Free,Scarpe da uomo,80.0,80.0,Pelle Tabacco,False,Pelle,Scarpe eleganti,Stringate / Derby,C
Nature Three,Scarpe da uomo,140.0,140.0,Pelle nera,False,Pelle,Scarpe eleganti,Stringate / Derby,C
Nature Three,Scarpe da uomo,140.0,140.0,Pelle di mogano,False,Pelle,Scarpe eleganti,Stringate / Derby,C
Enford Lo Waterproof,Scarpe sportive da uomo,100.0,100.0,Nero,False,Non specificato,Sneakers,Sneakers basse,C
Solevana Style,Scarpe sportive da uomo,80.0,80.0,Grigio,False,Non specificato,Sneakers,Sneakers basse,C
Flexway Step Loafer,Scarpe da uomo,80.0,80.0,Abbronzatura,False,Non specificato,Scarpe eleganti,Stringate / Derby,C
Pace Rise,Scarpe sportive da uomo,130.0,130.0,Combinazione nera,False,Non specificato,Sneakers,Sneakers basse,C
Radwell Tie,Scarpe da uomo,100.0,100.0,Pelle Scamosciata Blu Scuro,False,Pelle,Scarpe eleganti,Stringate / Derby,C
Goswell Tie,Scarpe da uomo,100.0,100.0,Pelle marrone,False,Pelle,Scarpe eleganti,Stringate / Derby,C
Corsley Plain,Scarpe da uomo,90.0,90.0,Pelle marrone scuro,False,Pelle,Scarpe eleganti,Stringate / Derby,C
Corsley Plain,Scarpe da uomo,90.0,90.0,Pelle nera,False,Pelle,Scarpe eleganti,Stringate / Derby,C
Torhill Lo,Scarpe da uomo,120.0,120.0,Pelle Sabbia Scuro,False,Pelle,Scarpe eleganti,Stringate / Derby,C
Yukoner Penny,Scarpe Originals da Uomo,190.0,190.0,Pelle nera,False,Pelle,Scarpe eleganti,Stringate / Derby,C
Wallabee RB,Scarpe Originals Icon da Uomo,150.0,150.0,Pelle verde scuro,False,Pelle,Scarpe eleganti,Stringate / Derby,C
Tor 80,Scarpe Originals Icon da Uomo,140.0,140.0,Combinazione della Marina,False,Non specificato,Scarpe eleganti,Stringate / Derby,C
Tor 80,Scarpe Originals Icon da Uomo,140.0,140.0,Combinazione Cola,False,Non specificato,Scarpe eleganti,Stringate / Derby,C
Desert Trek,Scarpe Originals Icon da Uomo,120.0,120.0,Bronze Suede,False,Non specificato,Scarpe eleganti,Stringate / Derby,C
Wallabee,Scarpe Originals Icon da Uomo,130.0,130.0,Pelle scamosciata giallo pallido,False,Pelle,Scarpe eleganti,Stringate / Derby,C
Elham Lace,Scarpe sportive da uomo,75.0,75.0,Marina Militare,False,Non specificato,Sneakers,Sneakers basse,C
Molland Go,Scarpe sportive da uomo,80.0,80.0,Combinazione della Marina,False,Non specificato,Sneakers,Sneakers basse,C
Coxley Mule,Pantofole da Uomo,50.0,50.0,Abbronzatura,False,Non specificato,Ciabatte & Pantofole,Pantofole,C
Brodin Seam,Scarpe da uomo,80.0,80.0,cera d'api,False,Non specificato,Scarpe eleganti,Stringate / Derby,C
Motion Trek LX,Scarpe da uomo,85.0,85.0,Pelle marrone chiaro scuro,False,Pelle,Scarpe eleganti,Stringate / Derby,C
Mullan Moc,Scarpe da uomo,130.0,130.0,Pelle blu scuro,False,Pelle,Scarpe eleganti,Stringate / Derby,C
Torhill Lace,Scarpe da uomo,120.0,120.0,Nabuk grigio scuro,False,Nabuk,Scarpe eleganti,Stringate / Derby,C
Mullan Easy,Scarpe da uomo,130.0,130.0,Pelle nera,False,Pelle,Scarpe eleganti,Stringate / Derby,C
Mullan Step,Scarpe da uomo,130.0,130.0,Pelle marrone scuro,False,Pelle,Scarpe eleganti,Stringate / Derby,C
Aldwin Lace,Scarpe da uomo,110.0,110.0,Pelle nera,False,Pelle,Scarpe eleganti,Stringate / Derby,C
Desert Nomad,Scarpe Originals Icon da Uomo,180.0,180.0,Combinazione marrone chiaro,False,Non specificato,Scarpe eleganti,Stringate / Derby,C
Berwick Lace,Scarpe da uomo,85.0,85.0,Pelle marrone,False,Pelle,Scarpe eleganti,Stringate / Derby,C
Paulton Lace,Scarpe da uomo,100.0,100.0,Marrone,False,Non specificato,Scarpe eleganti,Stringate / Derby,C
Aldwin Lace,Scarpe da uomo,110.0,110.0,Pelle marrone chiaro,False,Pelle,Scarpe eleganti,Stringate / Derby,C
Wallabee GORE-TEX,Scarpe Originals da Uomo,230.0,230.0,Black/Black Leather,False,Non specificato,Scarpe eleganti,Stringate / Derby,C
Wallabee,Scarpe Originals da Uomo,190.0,190.0,Combinazione di tweed marrone,False,Non specificato,Scarpe eleganti,Stringate / Derby,C
Courtlite2 Lo,Scarpe sportive da uomo,119.0,119.0,Pelle scamosciata bianco sporco,False,Pelle,Sneakers,Sneakers basse,C
Courtlite2 Lo,Scarpe sportive da uomo,119.0,119.0,Combinazione della Marina,False,Non specificato,Sneakers,Sneakers basse,C
Brantin Plain,Scarpe da uomo,85.0,85.0,Pelle marrone chiaro scuro,False,Pelle,Scarpe eleganti,Stringate / Derby,C
Brantin Plain,Scarpe da uomo,80.0,80.0,Pelle nera,False,Pelle,Scarpe eleganti,Stringate / Derby,C
Desert Trek GORE-TEX,Scarpe Originals da Uomo,170.0,170.0,Camoscio nero,False,Camoscio,Scarpe eleganti,Stringate / Derby,C
Wallabee GORE-TEX,Scarpe Originals da Uomo,230.0,230.0,Camoscio nero,False,Camoscio,Scarpe eleganti,Stringate / Derby,C
Sailview Lace,Scarpe da uomo,89.95,89.95,Pelle di cera d'api,False,Pelle,Scarpe eleganti,Stringate / Derby,C
Mapstone Lace,Scarpe da uomo,120.0,120.0,Pelle marrone chiaro,False,Pelle,Scarpe eleganti,Stringate / Derby,C
Rockie Walk GORE-TEX,Scarpe da uomo,160.0,160.0,Pelle marrone chiaro scuro,False,Pelle,Scarpe eleganti,Stringate / Derby,C
Rockie Walk GORE-TEX,Scarpe da uomo,160.0,160.0,Pelle nera,False,Pelle,Scarpe eleganti,Stringate / Derby,C
Wallabee EVO,Scarpe Originals da Uomo,89.0,89.0,Camoscio Sabbia Scuro,False,Camoscio,Scarpe eleganti,Stringate / Derby,C
Wallabee EVO,Scarpe Originals da Uomo,89.0,89.0,Camoscio nero,False,Camoscio,Scarpe eleganti,Stringate / Derby,C
Gessler Lace,Scarpe da uomo,99.95,59.97,Pelle nera,True,Pelle,Scarpe eleganti,Stringate / Derby,C
Craft Arlo Lace,Scarpe da uomo,139.0,139.0,Pelle nera,False,Pelle,Scarpe eleganti,Stringate / Derby,C
King Ease,Pantofole da Uomo,49.95,49.95,Interesse grigio scuro,False,Non specificato,Ciabatte & Pantofole,Pantofole,C
Wallabee,Scarpe Originals da Uomo,120.0,120.0,cera d'api,False,Non specificato,Scarpe eleganti,Stringate / Derby,C
Wallabee,Scarpe Originals da Uomo,120.0,120.0,Pelle nera,False,Pelle,Scarpe eleganti,Stringate / Derby,C
Desert Trek,Scarpe Originals Icon da Uomo,120.0,120.0,Camoscio nero,False,Camoscio,Scarpe eleganti,Stringate / Derby,C
Harston Elite Slipper,Pantofole da Uomo,95.0,95.0,Pelle bordeaux,False,Pelle,Ciabatte & Pantofole,Pantofole,C
Ronnie Limit,Scarpe da uomo,120.0,83.95,Pelle marrone chiaro britannica,True,Pelle,Scarpe eleganti,Stringate / Derby,C
Un Abode Ease,Scarpe da uomo,130.0,130.0,Pelle nera,False,Pelle,Scarpe eleganti,Stringate / Derby,C
Un Abode Ease,Scarpe da uomo,139.0,139.0,Pelle marrone chiaro scuro,False,Pelle,Scarpe eleganti,Stringate / Derby,C
Cotrell Free,Scarpe da uomo,80.0,80.0,Pelle grassa nera,False,Pelle,Scarpe eleganti,Stringate / Derby,C
Orson Sail,Scarpe sportive da uomo,120.0,120.0,Combinazione della Marina,False,Non specificato,Sneakers,Sneakers basse,C
Orson Sail,Scarpe sportive da uomo,120.0,120.0,Pelle marrone,False,Pelle,Sneakers,Sneakers basse,C
Winsford Easy,Scarpe da uomo,74.95,74.95,Camoscio Sabbia,False,Camoscio,Scarpe eleganti,Stringate / Derby,C
Winsford Easy,Scarpe da uomo,74.95,74.95,Pelle scamosciata marrone,False,Pelle,Scarpe eleganti,Stringate / Derby,C
Lockford Easy,Scarpe da uomo,90.0,90.0,Camoscio Sabbia Scuro,False,Camoscio,Scarpe eleganti,Stringate / Derby,C
Cleyhill Boat,Scarpe da uomo,120.0,120.0,Combinazione di sabbia scura,False,Non specificato,Scarpe eleganti,Stringate / Derby,C
Torhill Lace,Scarpe da uomo,120.0,120.0,Nabuk Sabbia Scuro,False,Nabuk,Scarpe eleganti,Stringate / Derby,C
Aldwin Step Loafer,Scarpe da uomo,110.0,110.0,Pelle marrone chiaro,False,Pelle,Scarpe eleganti,Stringate / Derby,C
Motion Trek PT,Scarpe da uomo,89.95,71.96,Pelle marrone chiaro scuro,True,Pelle,Scarpe eleganti,Stringate / Derby,C
Motion Trek PT,Scarpe da uomo,89.95,71.96,Pelle nera,True,Pelle,Scarpe eleganti,Stringate / Derby,C
Craftdean Wing Brogue,Scarpe da uomo,140.0,112.0,Pelle marrone chiaro scuro,True,Pelle,Scarpe eleganti,Stringate / Derby,C
Flexwell Tie,Scarpe da uomo,80.0,64.0,Camoscio grigio,True,Camoscio,Scarpe eleganti,Stringate / Derby,C
Flexway Step Loafer,Scarpe da uomo,80.0,64.0,acero,True,Non specificato,Scarpe eleganti,Stringate / Derby,C
Flexway 2 Eye,Scarpe da uomo,80.0,64.0,Pelle marrone chiaro scuro,True,Pelle,Scarpe eleganti,Stringate / Derby,C
Courtlite2 Run,Scarpe sportive da uomo,119.0,59.5,Nabuk grigio,True,Nabuk,Sneakers,Sneakers basse,C
Lockton Lace,Scarpe da uomo,99.95,79.95,Pelle Scamosciata Blu Scuro,True,Pelle,Scarpe eleganti,Stringate / Derby,C
Burford Lace,Scarpe da uomo,89.95,71.95,Marina Militare,True,Non specificato,Scarpe eleganti,Stringate / Derby,C
Burford Lace,Scarpe da uomo,89.95,71.95,Cachi,True,Non specificato,Scarpe eleganti,Stringate / Derby,C
Brockwood Lace,Scarpe sportive da uomo,89.95,71.95,Oliva,True,Non specificato,Sneakers,Sneakers basse,C
Brockwood Lace,Scarpe sportive da uomo,89.95,71.95,Marina Militare,True,Non specificato,Sneakers,Sneakers basse,C
Tawstock Lace,Scarpe sportive da uomo,79.95,63.95,Maglia nera,True,Maglia,Sneakers,Sneakers basse,C
Stanway Lace,Scarpe sportive da uomo,79.95,63.95,Combinazione della Marina,True,Non specificato,Sneakers,Sneakers basse,C
Watchet Strap,Scarpe sportive da uomo,99.95,79.95,Pelle nera,True,Pelle,Sneakers,Sneakers basse,C
Cosgrove Free,Scarpe da uomo,79.95,63.95,Pelle nera,True,Pelle,Scarpe eleganti,Stringate / Derby,C
Wendell LaceII,Scarpe da uomo,89.95,62.95,Pelle marrone chiaro,True,Pelle,Scarpe eleganti,Stringate / Derby,C
Allston Edge,Scarpe da uomo,89.95,60.0,Nabuk blu scuro,True,Nabuk,Scarpe eleganti,Stringate / Derby,C
Finer Sun,Scarpe da uomo,99.95,79.95,Pelle nera,True,Pelle,Scarpe eleganti,Stringate / Derby,C
Lockton Tie,Scarpe da uomo,99.95,79.95,Pelle grassa marrone chiaro,True,Pelle,Scarpe eleganti,Stringate / Derby,C
Lockton Tie,Scarpe da uomo,99.95,79.95,Pelle grassa blu scuro,True,Pelle,Scarpe eleganti,Stringate / Derby,C
Banstead Lo,Scarpe da uomo,110.0,88.0,Pelle marrone chiaro,True,Pelle,Scarpe eleganti,Stringate / Derby,C
Banstead Lo,Scarpe da uomo,110.0,88.0,Pelle nera,True,Pelle,Scarpe eleganti,Stringate / Derby,C
Banstead Lace,Scarpe da uomo,110.0,88.0,Pelle nera,True,Pelle,Scarpe eleganti,Stringate / Derby,C
Banstead Cap,Scarpe da uomo,110.0,88.0,Pelle marrone chiaro,True,Pelle,Scarpe eleganti,Stringate / Derby,C
Banstead Cap,Scarpe da uomo,110.0,88.0,Pelle nera,True,Pelle,Scarpe eleganti,Stringate / Derby,C
Lockton Lace,Scarpe da uomo,99.95,79.95,Pelle marrone chiaro,True,Pelle,Scarpe eleganti,Stringate / Derby,C
Lockton Lace,Scarpe da uomo,99.95,79.95,Cola scamosciata,True,Non specificato,Scarpe eleganti,Stringate / Derby,C
Lockton Lace,Scarpe da uomo,99.95,79.95,Pelle nera,True,Pelle,Scarpe eleganti,Stringate / Derby,C
Tawstock Lace,Scarpe sportive da uomo,79.95,63.95,Maglia grigia,True,Maglia,Sneakers,Sneakers basse,C
Fosse Cup,Scarpe sportive da uomo,80.0,56.0,Combinazione bianca,True,Non specificato,Sneakers,Sneakers basse,C
Fosse Go,Scarpe sportive da uomo,80.0,64.0,Pelle nera,True,Pelle,Sneakers,Sneakers basse,C
Fosse Go,Scarpe sportive da uomo,80.0,64.0,Bianco,True,Non specificato,Sneakers,Sneakers basse,C
Fosse Go,Scarpe sportive da uomo,80.0,64.0,Oliva,True,Non specificato,Sneakers,Sneakers basse,C
Stanway Lace,Scarpe sportive da uomo,79.95,63.95,Combinazione kaki,True,Non specificato,Sneakers,Sneakers basse,C
Stanway Lace,Scarpe sportive da uomo,79.95,63.95,Combinazione nera,True,Non specificato,Sneakers,Sneakers basse,C
Watchet Step,Scarpe sportive da uomo,99.95,79.95,Pelle nera,True,Pelle,Sneakers,Sneakers basse,C
Watchet Lace,Scarpe sportive da uomo,99.95,79.95,Pelle marrone chiaro scuro,True,Pelle,Sneakers,Sneakers basse,C
Motion Trek LO,Scarpe da uomo,80.0,64.0,Maglia grigia,True,Maglia,Scarpe eleganti,Stringate / Derby,C
Cosgrove Free,Scarpe da uomo,79.95,63.95,Pelle marrone chiaro scuro,True,Pelle,Scarpe eleganti,Stringate / Derby,C
Cosgrove Cap,Scarpe da uomo,79.95,63.95,Pelle marrone chiaro scuro,True,Pelle,Scarpe eleganti,Stringate / Derby,C
Brandon Step Loafer,Scarpe da uomo,79.95,63.96,Pelle nera,True,Pelle,Scarpe eleganti,Stringate / Derby,C
Brandon Lace,Scarpe da uomo,119.0,83.3,Pelle nera,True,Pelle,Scarpe eleganti,Stringate / Derby,C
Burchill Derby,Scarpe da uomo,89.95,62.95,Pelle di cera d'api,True,Pelle,Scarpe eleganti,Stringate / Derby,C
Atticus LT Lo GORE-TEX,Scarpe da uomo,130.0,104.0,Pelle nera,True,Pelle,Scarpe eleganti,Stringate / Derby,C
Bradley Free,Scarpe da uomo,86.99,43.49,Tan caduto,True,Non specificato,Scarpe eleganti,Stringate / Derby,C
Bradley Vibe,Scarpe da uomo,89.95,71.95,Tan caduto,True,Non specificato,Scarpe eleganti,Stringate / Derby,C
Bradley Free,Scarpe da uomo,86.99,60.0,Pelle bottalata nera,True,Pelle,Scarpe eleganti,Stringate / Derby,C
Bradley Vibe,Scarpe da uomo,89.95,71.95,Pelle bottalata nera,True,Pelle,Scarpe eleganti,Stringate / Derby,C
Paulson Plain,Scarpe da uomo,89.95,71.95,Pelle nera,True,Pelle,Scarpe eleganti,Stringate / Derby,C
Cleyhill Seam,Scarpe da uomo,120.0,120.0,Pelle marrone,False,Pelle,Scarpe eleganti,Stringate / Derby,C
Brodin Lace,Scarpe da uomo,89.95,89.95,Nero,False,Non specificato,Scarpe eleganti,Stringate / Derby,C
Howard Walk,Scarpe da uomo,100.0,100.0,Pelle marrone chiaro scuro,False,Pelle,Scarpe eleganti,Stringate / Derby,C
Enford Lace,Scarpe sportive da uomo,80.0,80.0,Nero,False,Non specificato,Sneakers,Sneakers basse,C
Berwick Lo,Scarpe da uomo,85.0,85.0,Pelle scamosciata marrone scuro,False,Pelle,Scarpe eleganti,Stringate / Derby,C
Tor 80,Scarpe Originals Icon da Uomo,130.0,130.0,Pelle mista bianca,False,Pelle,Scarpe eleganti,Stringate / Derby,C
Wallabee,Scarpe Originals Icon da Uomo,130.0,130.0,Camoscio rosa chiaro,False,Camoscio,Scarpe eleganti,Stringate / Derby,C
Craft Rally Ace,Scarpe sportive da uomo,110.0,110.0,Pelle scamosciata bianco sporco,False,Pelle,Sneakers,Sneakers basse,C
Berwick Seam,Scarpe da uomo,85.0,85.0,Pelle marrone,False,Pelle,Scarpe eleganti,Stringate / Derby,C
Desert Trek,Scarpe Originals da Uomo,120.0,120.0,cera d'api,False,Non specificato,Scarpe eleganti,Stringate / Derby,C
Craft Swift,Scarpe sportive da uomo,120.0,120.0,Pelle nera,False,Pelle,Sneakers,Sneakers basse,C
Howard Cap,Scarpe da uomo,100.0,100.0,Pelle nera,False,Pelle,Scarpe eleganti,Stringate / Derby,C
Howard Walk,Scarpe da uomo,100.0,100.0,Pelle nera,False,Pelle,Scarpe eleganti,Stringate / Derby,C
Torford Tassel,Scarpe da uomo,119.0,59.5,Cola scamosciata,True,Non specificato,Scarpe eleganti,Stringate / Derby,C
Howard Edge Loafer,Scarpe da uomo,100.0,100.0,Pelle nera,False,Pelle,Scarpe eleganti,Stringate / Derby,C
Aldwin Step Loafer,Scarpe da uomo,110.0,110.0,Pelle nera,False,Pelle,Scarpe eleganti,Stringate / Derby,C
Cotrell Edge,Scarpe da uomo,80.0,64.0,Marrone oleoso,True,Non specificato,Scarpe eleganti,Stringate / Derby,C
Motion Trek LO,Scarpe da uomo,80.0,64.0,Maglia color sabbia,True,Maglia,Scarpe eleganti,Stringate / Derby,C
Burchill Derby,Scarpe da uomo,89.95,71.95,Pelle marrone chiaro scuro,True,Pelle,Scarpe eleganti,Stringate / Derby,C
Burchill Derby,Scarpe da uomo,89.95,62.95,Pelle nera,True,Pelle,Scarpe eleganti,Stringate / Derby,C
ClarksPro Lace,Scarpe da uomo,149.0,119.2,Pelle nera,True,Pelle,Scarpe eleganti,Stringate / Derby,C
Craftdean Lace,Scarpe da uomo,140.0,112.0,Pelle nera,True,Pelle,Scarpe eleganti,Stringate / Derby,C
Banstead Tip,Scarpe da uomo,110.0,88.0,Pelle marrone chiaro,True,Pelle,Scarpe eleganti,Stringate / Derby,C
Banstead Tip,Scarpe da uomo,110.0,88.0,Pelle nera,True,Pelle,Scarpe eleganti,Stringate / Derby,C
Watchet Lace,Scarpe sportive da uomo,99.95,79.95,Pelle nera,True,Pelle,Sneakers,Sneakers basse,C
Motion Trek LO,Scarpe da uomo,80.0,64.0,Maglia blu scuro,True,Maglia,Scarpe eleganti,Stringate / Derby,C
Burchill Penny,Scarpe da uomo,89.95,62.95,Pelle nera,True,Pelle,Scarpe eleganti,Stringate / Derby,C
Craftdean Cap,Scarpe da uomo,140.0,112.0,Pelle nera,True,Pelle,Scarpe eleganti,Stringate / Derby,C
