Scarpe,Prezzo,Categoria
Spherica Plus Uomo,119.9,Sneaker slip in
Spherica Plus Uomo,119.9,Sneaker slip in
Spherica Plus Uomo,109.9,Sneaker slip in
Wells Uomo,109.9,Sneakers basse
Spherica Plus Uomo,119.9,Sneaker slip in
Spherica Uomo,99.9,Sneakers basse
Spherica Plus Uomo,109.9,Sneaker slip in
Pantelleria Uomo,89.9,Espadrillas
Spherica Plus Uomo,109.9,Sneaker slip in
Spherica Plus Uomo,129.9,Sneaker slip in
Renan Uomo,119.9,Sneakers basse
Regio Uomo,139.9,Scarpe in pelle
Spherica Actif X4 Uomo,119.9,Sneakers basse
Xand 2S Uomo,89.9,Sandali aperti
Nebula 2.0 Plus Uomo,139.9,Sneaker slip in
Spherica Plus Uomo,109.9,Sneaker slip in
Spherica Plus Uomo,109.9,Sneaker slip in
Spherica Actif X4 Uomo,119.9,Sneakers basse
Baltmoore Uomo,99.9,Sneakers basse
Regio Uomo,139.9,Scarpe in pelle
Strada Uomo,79.9,Sandali chiusi
Terreno + Grip Uomo,79.9,Sandali aperti
Xand 2S Uomo,89.9,Sandali aperti
Recanati Uomo,129.9,Mocassini in pelle
Strada Uomo,79.9,Sandali sportivi
Spherica Ecub-1 Uomo,139.9,Sneakers basse
Snake Original Uomo,109.9,Sneakers basse vintage
Parnaiba Uomo,79.9,Ciabatte
Nebula 2.0 Plus Uomo,139.9,Sneaker slip in
Deiven Uomo,109.9,Scarpe in pelle
Parnaiba Uomo,79.9,Ciabatte
Baltmoore Uomo,99.9,Sneakers basse
Spherica Uomo,109.9,Sneakers basse
Flextride Plus Uomo,99.9,Sneaker slip in
Gxcp-01 Uomo,104.93,Scarpe camoscio
Flextride Plus Uomo,109.9,Sneaker slip in
Flextride Plus Uomo,109.9,Sneaker slip in
Recanati Uomo,119.9,Mocassini in pelle
Spherica Plus Uomo,109.9,Sneaker slip in
Spherica Uomo,99.9,Sneakers in tessuto
Terreno + Grip Uomo,79.9,Sandali aperti
Strada Uomo,79.9,Sandali aperti
Spherica Plus Uomo,119.9,Sneaker slip in
Snake Original Uomo,109.9,Sneakers basse vintage
Gxrn-02 Uomo,94.5,Sneakers basse
Gxcp-02 Uomo,104.93,Sneakers basse
Gxrn-02 Uomo,94.5,Sneakers basse
Spherica Plus Uomo,129.9,Sneaker slip in
Sandal Ghita Uomo,79.9,Sandali aperti
Kosmopolis + Grip Uomo,119.9,Mocassini scamosciati
Spherica Plus Uomo,129.9,Sneaker slip in
Flextride Plus Uomo,99.9,Sneaker slip in
Baltmoore Uomo,99.9,Sneakers basse
Recanati Uomo,119.9,Mocassini in pelle
Flextride Plus Uomo,109.9,Sneaker slip in
Spherica Actif X S Uomo,89.9,Sandali sportivi
Snake Original Uomo,109.9,Sneakers basse vintage
Gxcp-01 Uomo,104.93,Sneakers basse
Sandal Ghita Uomo,79.9,Ciabatte
Spherica Uomo,99.9,Sneakers basse
Pantelleria Uomo,89.9,Espadrillas
Wells Uomo,109.9,Sneakers senza lacci
Snake Original Uomo,109.9,Sneakers basse vintage
Kosmopolis + Grip Uomo,119.9,Mocassini scamosciati
Parnaiba Uomo,79.9,Ciabatte
Strada Uomo,79.9,Sandali sportivi
Parnaiba Uomo,79.9,Ciabatte
Kosmopolis + Grip Uomo,129.9,Mocassini in pelle
Pantelleria Uomo,89.9,Espadrillas
Spherica Ecub-1 B Uomo,139.9,Sneakers basse
Strada Uomo,79.9,Sandali chiusi
Nebula 2.0 Plus Uomo,139.9,Sneaker slip in
Dynamia Uomo,145.0,Sneakers basse
Sandal Ghita Uomo,89.9,Ciabatte
Spherica Ec5 Uomo,89.9,Sandali sportivi
Sandal Ghita Uomo,79.9,Ciabatte
Spherica Actif X3 Uomo,119.9,Sneakers basse
Gxrn-01 Uomo,104.93,Sneakers basse
Sedral Court Uomo,119.9,Sneakers basse
Erice Uomo,69.9,Ciabatte
Spherica Ec16 Uomo,129.9,Mocassini scamosciati
Renan Uomo,119.9,Sneakers basse
Baltmoore Uomo,109.9,Sneakers basse
Deiven Uomo,109.9,Scarpe in pelle
Flextride Plus Uomo,109.9,Sneaker slip in
Spherica Ec16 Uomo,129.9,Mocassini in pelle
Sedral Court Uomo,119.9,Sneakers basse
Symbol Uomo,109.9,Scarpe in pelle
Sedral Court Uomo,119.9,Sneakers basse
Spherica Ecub-1 Uomo,139.9,Sneakers basse
Spherica Actif X1 Uomo,119.9,Sneakers basse
Sedral Court Uomo,119.9,Sneakers basse
Velletri Uomo,139.9,Scarpe in pelle
Spherica Uomo,99.9,Sneakers senza lacci
Parnaiba Uomo,79.9,Sandali infradito
Pantelleria Uomo,89.9,Espadrillas
Velletri Uomo,139.9,Scarpe in pelle
Parnaiba Uomo,79.9,Sandali infradito
Sandal Ghita Uomo,69.9,Ciabatte
Kosmopolis + Grip Uomo,119.9,Mocassini scamosciati
Flextride S Uomo,89.9,Sandali sportivi
Spherica Ecub-1 Uomo,139.9,Sneakers basse
Velletri Uomo,139.9,Scarpe in pelle
Spherica Uomo,99.9,Sneakers basse
Flextride S Uomo,89.9,Sandali sportivi
Flextride S Uomo,89.9,Ciabatte
Spherica Actif X3 Uomo,119.9,Sneakers basse
Spherica Actif X S Uomo,89.9,Sandali sportivi
Spherica Actif X3 Uomo,119.9,Sneakers basse
Flextride Uomo,99.9,Mocassini da barca
Spherica Ec16 Uomo,129.9,Mocassini scamosciati
Flextride Uomo,99.9,Mocassini da barca
Spherica Ecub-1 B Uomo,119.9,Mocassini scamosciati
Aerantis Plus Uomo,149.9,Sneaker slip in
Spherica Ec16 Uomo,129.9,Mocassini in pelle
Baltmoore Uomo,99.9,Sneakers basse
Flextride Plus Uomo,99.9,Sneaker slip in
Sedral Court Uomo,119.9,Sneakers basse
Spherica Plus Uomo,109.9,Sneaker slip in
Spherica Plus Uomo,109.9,Sneaker slip in
Flextride F Plus Uomo,109.9,Sneaker slip in
Spherica Uomo,99.9,Sneakers basse
Spherica Actif X1 Uomo,119.9,Sneakers basse
Spherica Ec5 Uomo,89.9,Sandali sportivi
Nebula 2.0 Plus Uomo,139.9,Sneaker slip in
Gxcp-01 Uomo,104.93,Scarpe camoscio
Spherica Actif X3 Uomo,119.9,Sneakers basse
Spherica Ec12 Uomo,129.9,Scarpe in pelle
Gxcp-01 Uomo,104.93,Sneakers basse
Spherica Ecub-1 B Uomo,119.9,Mocassini scamosciati
Urbanglider Uomo,125.0,Sneakers basse
Strada Uomo,79.9,Sandali aperti
Moner W 2Fit Uomo,139.9,Mocassini in pelle
Spherica Actif X1 Uomo,119.9,Sneakers basse
Baltmoore Uomo,109.9,Sneakers basse
Nebula 2.0 Plus Uomo,149.9,Sneaker slip in
Flextride S Uomo,89.9,Ciabatte
Spherica Actif X1 Uomo,119.9,Sneakers basse
Renan Uomo,119.9,Sneakers basse
Sandal Ghita Uomo,79.9,Ciabatte
Gxrn-02 Uomo,94.5,Sneakers basse
Spherica Uomo,99.9,Sneakers basse
Flextride Plus Uomo,99.9,Sneaker slip in
Spherica Actif X S Uomo,89.9,Sandali sportivi
Gxrn-02 Uomo,94.5,Sneakers basse
Recanati Uomo,129.9,Mocassini in pelle
Barberigo Uomo,145.0,Mocassini in pelle
Gxcp-02 Uomo,104.93,Sneakers basse
Dynamia Uomo,145.0,Sneakers basse
Flextride Zero Uomo,99.9,Sneakers basse
Sedral Court Uomo,119.9,Sneakers basse
Flextride Uomo,99.9,Mocassini da barca
Pantelleria Uomo,109.9,Mocassini scamosciati
Spherica Plus Uomo,109.9,Sneaker slip in
Spherica Ec16 Uomo,129.9,Mocassini scamosciati
Nebula 2.0 Plus Uomo,139.9,Sneaker slip in
Spherica Actif X1 Uomo,119.9,Sneakers basse
Spherica Uomo,109.9,Sneakers basse
Gladwin Uomo,99.9,Scarpe in pelle
Iacopo Uomo,139.9,Scarpe in pelle
Barberigo Uomo,145.0,Scarpe in pelle
Dynamia Uomo,145.0,Sneakers basse
Gxrn-01 Uomo,104.93,Sneakers basse
Iacopo Uomo,139.9,Scarpe in pelle
Brandolf Uomo,99.9,Scarpe in pelle
Symbol Uomo,109.9,Scarpe in pelle
Gxrn-01 Uomo,104.93,Sneakers basse
Capitale Uomo,199.9,Scarpe in pelle
Capitale Uomo,199.9,Scarpe in pelle
Spherica Ecub-1 B Uomo,119.9,Mocassini scamosciati
Urbanglider Uomo,125.0,Sneakers basse
Spherica Ec11 B Uomo,139.9,Mocassini in pelle
Gxcp-02 Uomo,104.93,Sneakers basse
Renan Uomo,119.9,Sneakers basse
Gxrn-02 Uomo,94.5,Sneakers basse
Sandal Ghita Uomo,79.9,Ciabatte
Spherica Ec17 Uomo,135.0,Mocassini scamosciati
Spherica Ec17 Uomo,135.0,Mocassini scamosciati
Spherica Ecub-1 B Uomo,139.9,Sneakers basse
Spherica Ec5 Uomo,89.9,Sandali sportivi
Walk Pleasure B Uomo,169.9,Scarpe in pelle
Baltmoore Uomo,99.9,Sneakers basse
Gxrn-02 Uomo,94.5,Sneakers basse
Nebula 2.0 Plus Uomo,139.9,Sneaker slip in
Spherica Ec11 Uomo,139.9,Scarpe in pelle
Xand 2S Uomo,89.9,Ciabatte
Capitale Uomo,199.9,Scarpe in pelle
Spherica Actif X1 Uomo,119.9,Sneakers basse
Capitale Uomo,199.9,Scarpe in pelle
Symbol Uomo,109.9,Scarpe in pelle
Pantelleria Uomo,109.9,Mocassini scamosciati
Aerantis Plus Uomo,149.9,Sneaker slip in
Spherica Actif X1 Uomo,119.9,Sneakers basse
Urbanglider Uomo,125.0,Sneakers basse
Kosmopolis + Grip Uomo,119.9,Mocassini scamosciati
Spherica Ecub-1 B Uomo,139.9,Sneakers basse
Climasandal Cork Uomo,99.9,Ciabatte
Walk Pleasure B Uomo,169.9,Scarpe in pelle
Walk Pleasure B Uomo,169.9,Scarpe in pelle
Spherica Ecub-1 B Uomo,119.9,Mocassini scamosciati
Spherica Uomo,99.9,Sneakers senza lacci
Spherica Actif X1 Uomo,119.9,Sneakers basse
Spherica Ec17 Uomo,135.0,Mocassini scamosciati
Barberigo Uomo,145.0,Scarpe in pelle
Symbol Uomo,109.9,Scarpe in pelle
Metropoli Uomo,145.0,Sneakers basse
Walk Pleasure B Uomo,169.9,Scarpe camoscio
Medos Uomo,199.9,Mocassini in pelle
Medos Uomo,199.9,Mocassini in pelle
Spherica Actif X1 Uomo,119.9,Sneakers basse
Barberigo Uomo,145.0,Scarpe in pelle
Iacopo Uomo,139.9,Scarpe in pelle
Moner W 2Fit Uomo,139.9,Mocassini in pelle
Spherica Actif X1 Uomo,119.9,Sneakers basse
Gxrn-02 Uomo,94.5,Sneakers basse
Spherica Actif X1 Uomo,119.9,Sneakers basse
Flextride Zero Uomo,99.9,Sneakers basse
Spherica Actif X3 Uomo,119.9,Sneakers basse
Renan Uomo,119.9,Sneakers basse
Walk Pleasure B Uomo,169.9,Scarpe camoscio
Renan Uomo,119.9,Sneakers basse
Iacopo Uomo,139.9,Scarpe in pelle
Pantelleria Uomo,89.9,Espadrillas
Spherica Ec17 Uomo,135.0,Mocassini scamosciati
Kosmopolis + Grip Uomo,119.9,Mocassini scamosciati
Spherica Actif X1 Uomo,119.9,Sneakers basse
Renan Uomo,119.9,Sneakers basse
Kosmopolis + Grip Uomo,119.9,Mocassini scamosciati
Flextride R Uomo,99.9,Sneakers basse
Flextride Zero Uomo,99.9,Sneakers basse
Aerantis Plus Uomo,149.9,Sneaker slip in
Barberigo Uomo,145.0,Scarpe in pelle
Kosmopolis + Grip Uomo,119.9,Mocassini scamosciati
Metropoli Uomo,145.0,Sneakers basse
Gxrn-01 Uomo,104.93,Sneakers basse
Parnaiba Uomo,79.9,Ciabatte
Pantelleria Uomo,109.9,Mocassini scamosciati
Gxrn-01 Uomo,104.93,Sneakers basse
Spherica Ec12 Uomo,129.9,Scarpe in pelle
Barberigo Uomo,145.0,Scarpe in pelle
Walk Pleasure B Uomo,169.9,Scarpe in pelle
Gxrn-01 Uomo,104.93,Sneakers basse
Spherica Plus Uomo,119.9,Sneaker slip in
Flextride Plus Uomo,109.9,Sneaker slip in
Spherica Ec12 Uomo,119.9,Scarpe camoscio
Sandal Ghita Uomo,89.9,Ciabatte
Spherica Ec17 Uomo,135.0,Scarpe camoscio
Erice Uomo,69.9,Ciabatte
Climasandal Cork Uomo,99.9,Ciabatte
Snake Original Uomo,109.9,Sneakers basse vintage
Medos Uomo,199.9,Mocassini in pelle
Flextride Zero Uomo,99.9,Sneakers basse
Flextride F Plus Uomo,109.9,Sneaker slip in
Gxrn-01 Uomo,104.93,Sneakers basse
Spherica Ec17 Uomo,135.0,Mocassini scamosciati
Capitale Uomo,199.9,Scarpe in pelle
Serifos Uomo,89.9,Sneakers basse
Spherica Ec12 Uomo,119.9,Scarpe camoscio
Spherica Ec17 Uomo,135.0,Scarpe camoscio
Spherica Ec17 Uomo,135.0,Scarpe camoscio
Avery Uomo,99.9,Sneakers basse
Spherica Actif X4 Uomo,119.9,Sneakers basse
Climasandal Cork Uomo,99.9,Ciabatte
Flextride R Uomo,99.9,Sneakers basse
Flextride F Plus Uomo,109.9,Sneaker slip in
Snake Original Uomo,109.9,Sneakers basse vintage
Vittour Uomo,99.9,Sneakers basse
Spherica Actif X4 Uomo,119.9,Sneakers basse
Spherica Ec12 Uomo,129.9,Scarpe in pelle
Spherica Actif X4 Uomo,119.9,Sneakers basse
Spherica Ec2 Plus Uomo,139.9,Sneaker slip in
Archive Snake Uomo,149.9,Sneakers basse vintage
Archive Snake Uomo,149.9,Sneakers basse vintage
Spherica Ecub-1 B Uomo,139.9,Sneakers basse
Serifos Uomo,89.9,Sneakers basse
Baltmoore Uomo,89.9,Sneakers basse
Archive Snake Uomo,169.9,Sneakers basse vintage
Archive Snake Uomo,169.9,Sneakers basse vintage
Spherica Actif X1 Uomo,119.9,Sneakers basse
Archive Snake Uomo,149.9,Sneakers basse vintage
Vittour Uomo,89.9,Sneakers basse
Spherica Actif X4 Uomo,119.9,Sneakers basse
Baltmoore Uomo,89.9,Sneakers basse
Spherica Ecub-1 B Uomo,139.9,Sneakers basse
Spherica Ecub-1 B Uomo,139.9,Sneakers basse
Baltmoore Uomo,99.9,Sneakers basse
Spherica Plus Uomo,109.9,Sneaker slip in
Spherica Plus Uomo,109.9,Sneaker slip in
Nebula 2.0 Plus Uomo,139.9,Sneaker slip in
