Scarpe,Categoria,Prezzo reale,Prezzo scontato,Materiale,In sconto,Materiale_pulito
Torhill Lo,Scarpe da uomo,120.0,120.0,Cola scamosciata,False,Non specificato
Godney Boat,Scarpe Originals da Uomo,130.0,130.0,Pelle marrone chiaro britannica,False,Pelle
Berwick Seam,Scarpe da uomo,85.0,85.0,Pelle nera,False,Pelle
Lockford Boat,Scarpe da uomo,90.0,90.0,Azzurro,False,Non specificato
Brantin Plain,Scarpe da uomo,85.0,85.0,Maglia grigia,False,Maglia
Holworth Lace,Scarpe da uomo,75.0,60.0,Pelle blu scuro,True,Pelle
Torview,Scarpe da uomo,130.0,130.0,Pelle marrone chiaro,False,Pelle
Lockford Easy,Scarpe da uomo,90.0,90.0,Pelle marrone,False,Pelle
Lockford Lace,Scarpe da uomo,90.0,90.0,Camoscio Sabbia Scuro,False,Camoscio
Torhill Lo,Scarpe da uomo,120.0,120.0,Pelle scamosciata verde oliva,False,Pelle
Polden Moc,Scarpe da uomo,110.0,110.0,Pelle Scamosciata Blu Scuro,False,Pelle
Godney Boat,Scarpe Originals Icon da Uomo,130.0,130.0,Pelle nera,False,Pelle
Holworth Lace,Scarpe da uomo,75.0,75.0,Pelle marrone,False,Pelle
Aldwin Lace,Scarpe da uomo,110.0,110.0,Camoscio grigio,False,Camoscio
Polden Moc,Scarpe da uomo,110.0,110.0,Camoscio Sabbia Scuro,False,Camoscio
Banbury Derby,Scarpe da uomo,80.0,80.0,Pelle nera,False,Pelle
Banbury Tip,Scarpe da uomo,80.0,80.0,Pelle nera,False,Pelle
Aldwin Limit Brogue,Scarpe da uomo,110.0,110.0,Pelle blu scuro,False,Pelle
Aldwin Lace,Scarpe da uomo,110.0,110.0,Pelle scamosciata marrone chiaro,False,Pelle
Romsey Lace,Scarpe sportive da uomo,79.95,79.95,Pelle Bianca,False,Pelle
Cleyhill Seam,Scarpe da uomo,120.0,120.0,Camoscio Sabbia Scuro,False,Camoscio
Desert Trek,Scarpe Originals da Uomo,130.0,130.0,Camoscio Sabbia,False,Camoscio
Berwick Lo,Scarpe da uomo,85.0,85.0,Pelle nera,False,Pelle
Lockford Lace,Scarpe da uomo,90.0,90.0,Camoscio grigio,False,Camoscio
Charmouth Lace,Scarpe da uomo,90.0,90.0,Nabuk blu scuro,False,Nabuk
Lockford Boat,Scarpe da uomo,90.0,90.0,Camoscio grigio,False,Camoscio
Brantin Plain,Scarpe da uomo,85.0,85.0,Pelle blu scuro,False,Pelle
Radwell Tie,Scarpe da uomo,100.0,100.0,Pelle marrone chiaro,False,Pelle
Craft Emile,Scarpe da uomo,120.0,120.0,Pelle marrone,False,Pelle
Polden Lace,Scarpe da uomo,120.0,120.0,Pelle marrone,False,Pelle
Lockford Boat,Scarpe da uomo,90.0,90.0,Pelle Scamosciata Blu Scuro,False,Pelle
Solevana Easy,Scarpe sportive da uomo,75.0,75.0,Nero,False,Non specificato
Charmouth Lace,Scarpe da uomo,90.0,90.0,Pelle marrone,False,Pelle
Desert Nomad 2026,Scarpe Originals da Uomo,190.0,190.0,Pelle scamosciata d'acero,False,Pelle
Wallabee,Scarpe Originals da Uomo,130.0,130.0,Pelle scamosciata d'acero,False,Pelle
Eldredge Plain,Scarpe da uomo,120.0,120.0,Pelle nera,False,Pelle
Lockford Lace,Scarpe da uomo,90.0,90.0,Pelle blu scuro,False,Pelle
Craft James Lo,Scarpe da uomo,160.0,160.0,Interesse marrone,False,Non specificato
Courtlite2 Run,Scarpe sportive da uomo,100.0,100.0,Pelle Bianca,False,Pelle
Wallabee 2604,Scarpe Originals Icon da Uomo,160.0,160.0,Camoscio grigio,False,Camoscio
Torhill Lace,Scarpe da uomo,120.0,120.0,Pelle Bianca,False,Pelle
Romsey Lace,Scarpe sportive da uomo,80.0,80.0,Pelle marrone chiaro,False,Pelle
Check Lace,Scarpe sportive da uomo,70.0,70.0,Nero,False,Non specificato
Aldwin Limit Brogue,Scarpe da uomo,110.0,110.0,Pelle marrone chiaro,False,Pelle
Lockford Boat,Scarpe da uomo,90.0,90.0,Camoscio Sabbia Scuro,False,Camoscio
Craft Swift,Scarpe sportive da uomo,120.0,120.0,Pelle marrone,False,Pelle
Craft Remi Tip,Scarpe da uomo,120.0,120.0,Pelle marrone,False,Pelle
Seco Speed,Scarpe sportive da uomo,75.0,75.0,Camoscio verde,False,Camoscio
Lapford Lace,Scarpe da uomo,89.95,89.95,Nabuk blu scuro,False,Nabuk
Mapstone Lace,Scarpe da uomo,120.0,120.0,Pelle blu scuro,False,Pelle
Solevana Style,Scarpe sportive da uomo,80.0,80.0,Nero,False,Non specificato
Craft Remi Lace,Scarpe da uomo,120.0,120.0,Pelle marrone chiaro,False,Pelle
Solevana Style,Scarpe sportive da uomo,80.0,80.0,Bianco,False,Non specificato
Seco Speed,Scarpe sportive da uomo,75.0,75.0,Camoscio Sabbia Scuro,False,Camoscio
Torhill Lo,Scarpe da uomo,120.0,120.0,Tessile verde,False,Non specificato
Un Costa Lace,Scarpe sportive da uomo,110.0,76.95,Nero,True,Non specificato
Torhill Lo,Scarpe da uomo,110.0,110.0,Tela marina,False,Tela
Flexway Step Loafer,Scarpe da uomo,80.0,80.0,Cola scamosciata,False,Non specificato
Torhill Lo,Scarpe da uomo,120.0,120.0,Pelle nera,False,Pelle
Mullan Easy,Scarpe da uomo,130.0,130.0,Combinazione della Marina,False,Non specificato
Godney Boat,Scarpe Originals Icon da Uomo,130.0,130.0,Pelle marrone,False,Pelle
Aldwin Lace GORE-TEX,Scarpe da uomo,130.0,130.0,Pelle nera,False,Pelle
Torhill Lo,Scarpe da uomo,110.0,110.0,Tela bianca,False,Tela
Wallabee,Scarpe Originals da Uomo,170.0,170.0,Pelle Bianca,False,Pelle
Wallabee 2604,Scarpe Originals Icon da Uomo,160.0,160.0,Brevetto della Marina,False,Non specificato
Desert Rock Lo,Scarpe Originals Icon da Uomo,140.0,140.0,Camoscio nero,False,Camoscio
Solsbury Mule,Sandali da uomo,100.0,100.0,Pelle scamosciata kaki,False,Pelle
Wallabee,Scarpe Originals Icon da Uomo,150.0,150.0,Pelle marrone scuro,False,Pelle
Godney Boat,Scarpe Originals Icon da Uomo,130.0,130.0,Combinazione della Marina,False,Non specificato
Wallabee EVO,Scarpe da uomo,99.0,99.0,Combinazione di abbronzatura,False,Non specificato
Desert Nomad 2026,Scarpe Originals da Uomo,190.0,190.0,Camoscio nero,False,Camoscio
Wallabee,Scarpe Originals Icon da Uomo,140.0,140.0,Brown Perforated,False,Non specificato
Renzo Lace,Scarpe da uomo,120.0,120.0,Pelle marrone chiaro,False,Pelle
Renzo Easy,Scarpe da uomo,120.0,120.0,Pelle marrone scuro,False,Pelle
Wesley Vibe,Sandali da uomo,60.0,60.0,Sabbia,False,Non specificato
Wesley Vibe,Sandali da uomo,60.0,60.0,cera d'api,False,Non specificato
Desert Trek,Scarpe Originals Icon da Uomo,140.0,140.0,Pelle Scamosciata Blu Scuro,False,Pelle
Wallabee 2604,Scarpe Originals Icon da Uomo,160.0,160.0,Brevetto d'argento,False,Non specificato
Meare Walla,Scarpe Originals Icon da Uomo,110.0,110.0,Cola scamosciata,False,Non specificato
Wallabee EVO,Scarpe da uomo,89.0,89.0,Combinazione di olive,False,Non specificato
Wallabee EVO,Scarpe da uomo,89.0,89.0,Camoscio verde,False,Camoscio
Torford Boat,Scarpe da uomo,100.0,100.0,Pelle marrone chiaro,False,Pelle
Torford Boat,Scarpe da uomo,100.0,100.0,Pelle blu scuro,False,Pelle
Weaver 2026,Scarpe Originals Icon da Uomo,160.0,160.0,Pelle scamosciata d'acero,False,Pelle
Weaver 2026,Scarpe Originals Icon da Uomo,160.0,160.0,Camoscio rosa,False,Camoscio
Wallabee,Scarpe Originals Icon da Uomo,120.0,120.0,Smoke Grey Suede,False,Non specificato
Wallabee,Scarpe Originals Icon da Uomo,130.0,130.0,Pelle Scamosciata Blu Scuro,False,Pelle
Wallabee,Scarpe Originals Icon da Uomo,150.0,150.0,Maple Combination Print,False,Non specificato
Wallabee GORE-TEX,Scarpe Originals da Uomo,230.0,230.0,Pelle Bianca,False,Pelle
Spypath Lo GORE-TEX,Scarpe da uomo,150.0,150.0,Pelle nera,False,Pelle
Solsbury Mule,Sandali da uomo,110.0,110.0,Pelle foderata marrone,False,Pelle
Desert Trek,Scarpe Originals da Uomo,150.0,150.0,Marrone scuro,False,Non specificato
Un Costa Lace,Scarpe sportive da uomo,129.0,129.0,Pelle marrone chiaro britannica,False,Pelle
Un Costa Lace,Scarpe sportive da uomo,129.0,129.0,Pelle blu scuro,False,Pelle
Tilden Walk,Scarpe da uomo,80.0,80.0,Pelle marrone chiaro scuro,False,Pelle
Torhill Lo,Scarpe da uomo,120.0,120.0,Pelle scamosciata rossa,False,Pelle
Wallabee EVO,Scarpe da uomo,89.0,89.0,Camoscio ocra,False,Camoscio
Tor 80,Scarpe Originals Icon da Uomo,150.0,150.0,Combinazione bianca,False,Non specificato
Solsbury Mule,Sandali da uomo,110.0,110.0,Pelle foderata nera,False,Pelle
Mullan Moc,Scarpe da uomo,130.0,130.0,Pelle di cera d'api,False,Pelle
Badbury Lace,Scarpe da uomo,110.0,110.0,Pelle marrone scuro,False,Pelle
Wallabee EVO,Scarpe Originals Icon da Uomo,89.0,89.0,Pelle scamosciata verde oliva scuro,False,Pelle
Un Aldric Lace,Scarpe da uomo,120.0,120.0,Pelle nera,False,Pelle
Tilden Cap,Scarpe da uomo,80.0,80.0,Pelle marrone chiaro scuro,False,Pelle
Tilden Plain,Scarpe da uomo,80.0,80.0,Pelle nera,False,Pelle
Tilden Free,Scarpe da uomo,80.0,80.0,Pelle nera,False,Pelle
Tilden Walk,Scarpe da uomo,80.0,80.0,Pelle nera,False,Pelle
Tilden Cap,Scarpe da uomo,80.0,80.0,Pelle nera,False,Pelle
Solsbury Mule,Sandali da uomo,99.95,99.95,Camoscio grigio,False,Camoscio
Flexway Step Loafer,Scarpe da uomo,99.95,79.96,Pelle marrone chiaro,True,Pelle
Wallabee 2604,Scarpe Originals Icon da Uomo,160.0,160.0,Pelle marrone,False,Pelle
Charmouth Lace,Scarpe da uomo,90.0,90.0,Pelle marrone chiaro,False,Pelle
Craft James LT,Scarpe da uomo,150.0,150.0,Pelle Scamosciata Blu Scuro,False,Pelle
Meare Mocc,Scarpe Originals da Uomo,110.0,110.0,Camoscio Sabbia Scuro,False,Camoscio
Meare Mocc,Scarpe Originals Icon da Uomo,110.0,110.0,Cola scamosciata,False,Non specificato
Wallabee,Scarpe Originals da Uomo,190.0,190.0,Brown Brush Off,False,Non specificato
Wallabee,Scarpe Originals da Uomo,190.0,190.0,Black Brush Off,False,Non specificato
Wallabee,Scarpe Originals Icon da Uomo,150.0,150.0,Pelle mista bianca,False,Pelle
Meare Walla,Scarpe Originals Icon da Uomo,110.0,110.0,Pelle scamosciata d'acero,False,Pelle
Upton Lace,Scarpe da uomo,74.95,74.95,Camoscio nero,False,Camoscio
Trigenic 2 Flex,Scarpe sportive da uomo,120.0,120.0,Nabuk nero,False,Nabuk
Newick Lace,Scarpe sportive da uomo,80.0,80.0,Nero,False,Non specificato
Desert Trek,Scarpe Originals da Uomo,120.0,120.0,Marrone scuro,False,Non specificato
Desert Trek,Scarpe Originals da Uomo,130.0,130.0,Camoscio nero,False,Camoscio
Wallabee,Scarpe Originals da Uomo,130.0,130.0,Coca Cola,False,Non specificato
Wallabee,Scarpe Originals da Uomo,130.0,130.0,Pelle scamosciata marrone scuro,False,Pelle
Wallabee,Scarpe Originals da Uomo,130.0,130.0,Camoscio nero,False,Camoscio
Siena Zip,Scarpe da uomo,110.0,110.0,Pelle marrone,False,Pelle
Siena Zip,Scarpe da uomo,110.0,110.0,Pelle nera,False,Pelle
Siena Easy,Scarpe da uomo,110.0,110.0,Pelle marrone,False,Pelle
Siena Easy,Scarpe da uomo,110.0,110.0,Pelle nera,False,Pelle
Murano Easy,Scarpe da uomo,110.0,110.0,Pelle marrone chiaro,False,Pelle
Murano Easy,Scarpe da uomo,110.0,110.0,Nabuk marrone scuro,False,Nabuk
Craft Emile,Scarpe da uomo,120.0,120.0,Pelle nera,False,Pelle
Seco Speed,Scarpe sportive da uomo,90.0,90.0,Cola scamosciata,False,Non specificato
Flexway 2 Eye,Scarpe da uomo,80.0,80.0,Nabuk blu scuro,False,Nabuk
Flexway 2 Eye,Scarpe da uomo,80.0,80.0,Nabuk marrone,False,Nabuk
Brantin Plain,Scarpe da uomo,85.0,85.0,Maglia blu scuro,False,Maglia
Torview,Scarpe da uomo,130.0,130.0,Pelle bianco sporco,False,Pelle
Brodin Seam,Scarpe da uomo,80.0,80.0,Marina Militare,False,Non specificato
Radwell Tie,Scarpe da uomo,100.0,100.0,Pelle marrone,False,Pelle
Goswell Tie,Scarpe da uomo,100.0,100.0,Pelle marrone chiaro,False,Pelle
Goswell Tie,Scarpe da uomo,100.0,100.0,Pelle nera,False,Pelle
Walla Yukoner,Scarpe Originals da Uomo,190.0,190.0,Pelle marrone,False,Pelle
Clarks Pace,Scarpe sportive da uomo,130.0,130.0,Saggio,False,Non specificato
Clarks Pace,Scarpe sportive da uomo,130.0,130.0,Blu,False,Non specificato
Craft Remi Tip,Scarpe da uomo,120.0,120.0,Pelle marrone chiaro,False,Pelle
Craft Remi Lace,Scarpe da uomo,120.0,120.0,Pelle nera,False,Pelle
Craft James LT,Scarpe da uomo,150.0,150.0,Camoscio Sabbia Scuro,False,Camoscio
Craft James LT,Scarpe da uomo,150.0,150.0,Pelle scamosciata marrone,False,Pelle
Cleyhill Boat,Scarpe da uomo,120.0,120.0,Combinazione di olive,False,Non specificato
Cleyhill Boat,Scarpe da uomo,120.0,120.0,Pelle marrone,False,Pelle
Torview,Scarpe da uomo,140.0,140.0,Combinazione della Marina,False,Non specificato
Torview,Scarpe da uomo,140.0,140.0,Multicolore,False,Non specificato
Torhill Lo,Scarpe da uomo,120.0,120.0,Pelle blu scuro,False,Pelle
Yukoner Penny,Scarpe Originals da Uomo,190.0,190.0,Pelle mista marrone,False,Pelle
Walla Yukoner,Scarpe Originals da Uomo,190.0,190.0,Pelle nera,False,Pelle
Wallabee,Scarpe Originals Icon da Uomo,160.0,160.0,Stampa tigre,False,Non specificato
Desert Trek,Scarpe Originals Icon da Uomo,150.0,150.0,Leopardato,False,Non specificato
Wallabee,Scarpe Originals Icon da Uomo,150.0,150.0,Blue/Green Stripe,False,Non specificato
Molland Go,Scarpe sportive da uomo,80.0,80.0,Combinazione di olive,False,Non specificato
Paulton Over,Scarpe da uomo,100.0,100.0,Pelle nera,False,Pelle
Paulton Cap,Scarpe da uomo,100.0,100.0,Pelle nera,False,Pelle
Coxley Mule,Pantofole da Uomo,50.0,50.0,Grigio,False,Non specificato
Romsey Lace,Scarpe sportive da uomo,80.0,80.0,Nero bianco,False,Non specificato
Motion Trek LX,Scarpe da uomo,85.0,85.0,Pelle nera,False,Pelle
Craftwell Step,Scarpe da uomo,80.0,80.0,Pelle marrone chiaro,False,Pelle
Craftwell Step,Scarpe da uomo,80.0,80.0,Nero burattato,False,Non specificato
Craftwell Lace,Scarpe da uomo,80.0,80.0,Pelle marrone chiaro,False,Pelle
Craftwell Lace,Scarpe da uomo,80.0,80.0,Pelle nera,False,Pelle
Clarks Pace,Scarpe sportive da uomo,130.0,130.0,Nero,False,Non specificato
Spypath Step,Scarpe da uomo,120.0,120.0,Pelle di cera d'api,False,Pelle
Spypath Ox,Scarpe da uomo,120.0,120.0,Nabuk blu scuro,False,Nabuk
Spypath Ox,Scarpe da uomo,120.0,120.0,Pelle di cera d'api,False,Pelle
Clarks Pace,Scarpe sportive da uomo,130.0,130.0,Marina Militare,False,Non specificato
Mullan Easy,Scarpe da uomo,130.0,130.0,Pelle marrone scuro,False,Pelle
Mullan Step,Scarpe da uomo,130.0,130.0,Pelle nera,False,Pelle
Banbury Derby,Scarpe da uomo,80.0,80.0,Pelle marrone chiaro,False,Pelle
Desert Trek,Scarpe Originals Icon da Uomo,150.0,150.0,Pelle scamosciata marrone,False,Pelle
Meare Walla,Scarpe Originals Icon da Uomo,130.0,130.0,Camoscio nero,False,Camoscio
Berwick Lace,Scarpe da uomo,85.0,85.0,Pelle nera,False,Pelle
Romsey Tie,Scarpe sportive da uomo,80.0,80.0,Pelle nera,False,Pelle
Torview,Scarpe da uomo,130.0,130.0,Camoscio Sabbia Scuro,False,Camoscio
Torview,Scarpe da uomo,130.0,130.0,Camoscio nero,False,Camoscio
Paulton Lace,Scarpe da uomo,100.0,100.0,Abbronzatura,False,Non specificato
Paulton Lace,Scarpe da uomo,100.0,100.0,Nero,False,Non specificato
Paulton Lo,Scarpe da uomo,100.0,100.0,Pelle nera,False,Pelle
Craft Rally Ace,Scarpe sportive da uomo,110.0,110.0,Camoscio nero,False,Camoscio
Walla Yukoner,Scarpe Originals da Uomo,210.0,210.0,Grano scozzese marrone,False,Non specificato
Meare Walla,Scarpe Originals Icon da Uomo,130.0,130.0,Pelle scamosciata marrone scuro,False,Pelle
Romsey Lace,Scarpe sportive da uomo,79.95,79.95,Pelle nera,False,Pelle
Lapford Lace,Scarpe da uomo,89.95,89.95,Pelle marrone chiaro,False,Pelle
Motion Trek MX,Scarpe da uomo,99.95,99.95,Marina Militare,False,Non specificato
Motion Trek MX,Scarpe da uomo,99.95,99.95,Cachi,False,Non specificato
Clarks Pro Free,Scarpe da uomo,110.0,110.0,Maglia nera,False,Maglia
Courtlite2 Run,Scarpe sportive da uomo,119.0,119.0,Nabuk oliva,False,Nabuk
Courtlite2 Run,Scarpe sportive da uomo,100.0,100.0,Nabuk blu scuro,False,Nabuk
Solsbury Mule,Sandali da uomo,119.0,119.0,Camoscio Sabbia Scuro,False,Camoscio
Solsbury Mule,Sandali da uomo,100.0,100.0,Cola scamosciata,False,Non specificato
Polden Moc,Scarpe da uomo,110.0,110.0,Cola scamosciata,False,Non specificato
Eldredge Plain,Scarpe da uomo,120.0,120.0,Pelle marrone scuro,False,Pelle
Craft James Lo,Scarpe da uomo,195.0,195.0,Combinazione verde scuro,False,Non specificato
Desert Trek GORE-TEX,Scarpe Originals da Uomo,170.0,170.0,Camoscio Sabbia,False,Camoscio
Wallabee GORE-TEX,Scarpe Originals da Uomo,230.0,230.0,Pelle scamosciata d'acero,False,Pelle
Craft James Cap,Scarpe da uomo,195.0,195.0,Pelle nera,False,Pelle
Craft James Lo Loafer,Scarpe da uomo,160.0,160.0,Pelle nera,False,Pelle
Craft James Tip Brogue,Scarpe da uomo,160.0,160.0,Pelle marrone chiaro,False,Pelle
Craft James Tip Brogue,Scarpe da uomo,160.0,160.0,Pelle nera,False,Pelle
Wesley Sun,Sandali Sportivi da Uomo,59.95,59.95,Pelle di cera d'api,False,Pelle
Sailview Step Loafer,Scarpe da uomo,90.0,90.0,Nabuk blu scuro,False,Nabuk
Sailview Step Loafer,Scarpe da uomo,90.0,90.0,Nabuk marrone chiaro,False,Nabuk
Sailview Lace,Scarpe da uomo,90.0,90.0,Nabuk blu scuro,False,Nabuk
Sailview Lace,Scarpe da uomo,90.0,90.0,Nabuk marrone chiaro,False,Nabuk
Craft Swift,Scarpe sportive da uomo,120.0,120.0,Pelle Bianca,False,Pelle
Atticus LT Lace,Scarpe da uomo,100.0,100.0,Nero,False,Non specificato
Torhill Lo,Scarpe da uomo,120.0,120.0,Camoscio Sabbia Scuro,False,Camoscio
Batcombe Tie,Scarpe da uomo,120.0,120.0,Pelle nera,False,Pelle
Atticus LT Lace,Scarpe da uomo,100.0,100.0,Pelle marrone chiaro scuro,False,Pelle
Torhill Lo,Scarpe da uomo,120.0,120.0,Camoscio nero,False,Camoscio
Kerton Lace,Scarpe da uomo,89.95,89.95,Pelle nera,False,Pelle
Home Mocc Slipper,Pantofole da Uomo,69.95,69.95,Pelle scamosciata marrone chiaro,False,Pelle
Home Mocc Slipper,Pantofole da Uomo,69.95,69.95,Pelle Scamosciata Blu Scuro,False,Pelle
Harston Elite Slipper,Pantofole da Uomo,95.0,95.0,Pelle nera,False,Pelle
Un Costa Lace,Scarpe sportive da uomo,129.0,129.0,Pelle Bianca,False,Pelle
Cotrell Edge,Scarpe da uomo,80.0,80.0,Pelle liscia nera,False,Pelle
Un Abode Go Loafer,Scarpe da uomo,139.0,139.0,Pelle nera,False,Pelle
Un Abode Strap Loafer,Scarpe da uomo,130.0,130.0,Pelle nera,False,Pelle
Cotrell Free,Scarpe da uomo,80.0,80.0,Pelle Tabacco,False,Pelle
Nature Three,Scarpe da uomo,140.0,140.0,Pelle nera,False,Pelle
Nature Three,Scarpe da uomo,140.0,140.0,Pelle di mogano,False,Pelle
Enford Lo Waterproof,Scarpe sportive da uomo,100.0,100.0,Nero,False,Non specificato
Solevana Style,Scarpe sportive da uomo,80.0,80.0,Grigio,False,Non specificato
Flexway Step Loafer,Scarpe da uomo,80.0,80.0,Abbronzatura,False,Non specificato
Pace Rise,Scarpe sportive da uomo,130.0,130.0,Combinazione nera,False,Non specificato
Radwell Tie,Scarpe da uomo,100.0,100.0,Pelle Scamosciata Blu Scuro,False,Pelle
Goswell Tie,Scarpe da uomo,100.0,100.0,Pelle marrone,False,Pelle
Corsley Plain,Scarpe da uomo,90.0,90.0,Pelle marrone scuro,False,Pelle
Corsley Plain,Scarpe da uomo,90.0,90.0,Pelle nera,False,Pelle
Torhill Lo,Scarpe da uomo,120.0,120.0,Pelle Sabbia Scuro,False,Pelle
Yukoner Penny,Scarpe Originals da Uomo,190.0,190.0,Pelle nera,False,Pelle
Wallabee RB,Scarpe Originals Icon da Uomo,150.0,150.0,Pelle verde scuro,False,Pelle
Tor 80,Scarpe Originals Icon da Uomo,140.0,140.0,Combinazione della Marina,False,Non specificato
Tor 80,Scarpe Originals Icon da Uomo,140.0,140.0,Combinazione Cola,False,Non specificato
Desert Trek,Scarpe Originals Icon da Uomo,120.0,120.0,Bronze Suede,False,Non specificato
Wallabee,Scarpe Originals Icon da Uomo,130.0,130.0,Pelle scamosciata giallo pallido,False,Pelle
Elham Lace,Scarpe sportive da uomo,75.0,75.0,Marina Militare,False,Non specificato
Molland Go,Scarpe sportive da uomo,80.0,80.0,Combinazione della Marina,False,Non specificato
Coxley Mule,Pantofole da Uomo,50.0,50.0,Abbronzatura,False,Non specificato
Brodin Seam,Scarpe da uomo,80.0,80.0,cera d'api,False,Non specificato
Motion Trek LX,Scarpe da uomo,85.0,85.0,Pelle marrone chiaro scuro,False,Pelle
Mullan Moc,Scarpe da uomo,130.0,130.0,Pelle blu scuro,False,Pelle
Torhill Lace,Scarpe da uomo,120.0,120.0,Nabuk grigio scuro,False,Nabuk
Mullan Easy,Scarpe da uomo,130.0,130.0,Pelle nera,False,Pelle
Mullan Step,Scarpe da uomo,130.0,130.0,Pelle marrone scuro,False,Pelle
Aldwin Lace,Scarpe da uomo,110.0,110.0,Pelle nera,False,Pelle
Desert Nomad,Scarpe Originals Icon da Uomo,180.0,180.0,Combinazione marrone chiaro,False,Non specificato
Berwick Lace,Scarpe da uomo,85.0,85.0,Pelle marrone,False,Pelle
Paulton Lace,Scarpe da uomo,100.0,100.0,Marrone,False,Non specificato
Aldwin Lace,Scarpe da uomo,110.0,110.0,Pelle marrone chiaro,False,Pelle
Wallabee GORE-TEX,Scarpe Originals da Uomo,230.0,230.0,Black/Black Leather,False,Non specificato
Wallabee,Scarpe Originals da Uomo,190.0,190.0,Combinazione di tweed marrone,False,Non specificato
Courtlite2 Lo,Scarpe sportive da uomo,119.0,119.0,Pelle scamosciata bianco sporco,False,Pelle
Courtlite2 Lo,Scarpe sportive da uomo,119.0,119.0,Combinazione della Marina,False,Non specificato
Brantin Plain,Scarpe da uomo,85.0,85.0,Pelle marrone chiaro scuro,False,Pelle
Brantin Plain,Scarpe da uomo,80.0,80.0,Pelle nera,False,Pelle
Desert Trek GORE-TEX,Scarpe Originals da Uomo,170.0,170.0,Camoscio nero,False,Camoscio
Wallabee GORE-TEX,Scarpe Originals da Uomo,230.0,230.0,Camoscio nero,False,Camoscio
Sailview Lace,Scarpe da uomo,89.95,89.95,Pelle di cera d'api,False,Pelle
Mapstone Lace,Scarpe da uomo,120.0,120.0,Pelle marrone chiaro,False,Pelle
Rockie Walk GORE-TEX,Scarpe da uomo,160.0,160.0,Pelle marrone chiaro scuro,False,Pelle
Rockie Walk GORE-TEX,Scarpe da uomo,160.0,160.0,Pelle nera,False,Pelle
Wallabee EVO,Scarpe Originals da Uomo,89.0,89.0,Camoscio Sabbia Scuro,False,Camoscio
Wallabee EVO,Scarpe Originals da Uomo,89.0,89.0,Camoscio nero,False,Camoscio
Gessler Lace,Scarpe da uomo,99.95,59.97,Pelle nera,True,Pelle
Craft Arlo Lace,Scarpe da uomo,139.0,139.0,Pelle nera,False,Pelle
King Ease,Pantofole da Uomo,49.95,49.95,Interesse grigio scuro,False,Non specificato
Wallabee,Scarpe Originals da Uomo,120.0,120.0,cera d'api,False,Non specificato
Wallabee,Scarpe Originals da Uomo,120.0,120.0,Pelle nera,False,Pelle
Desert Trek,Scarpe Originals Icon da Uomo,120.0,120.0,Camoscio nero,False,Camoscio
Harston Elite Slipper,Pantofole da Uomo,95.0,95.0,Pelle bordeaux,False,Pelle
Ronnie Limit,Scarpe da uomo,120.0,83.95,Pelle marrone chiaro britannica,True,Pelle
Un Abode Ease,Scarpe da uomo,130.0,130.0,Pelle nera,False,Pelle
Un Abode Ease,Scarpe da uomo,139.0,139.0,Pelle marrone chiaro scuro,False,Pelle
Cotrell Free,Scarpe da uomo,80.0,80.0,Pelle grassa nera,False,Pelle
Orson Sail,Scarpe sportive da uomo,120.0,120.0,Combinazione della Marina,False,Non specificato
Orson Sail,Scarpe sportive da uomo,120.0,120.0,Pelle marrone,False,Pelle
Winsford Easy,Scarpe da uomo,74.95,74.95,Camoscio Sabbia,False,Camoscio
Winsford Easy,Scarpe da uomo,74.95,74.95,Pelle scamosciata marrone,False,Pelle
Lockford Easy,Scarpe da uomo,90.0,90.0,Camoscio Sabbia Scuro,False,Camoscio
Cleyhill Boat,Scarpe da uomo,120.0,120.0,Combinazione di sabbia scura,False,Non specificato
Torhill Lace,Scarpe da uomo,120.0,120.0,Nabuk Sabbia Scuro,False,Nabuk
Aldwin Step Loafer,Scarpe da uomo,110.0,110.0,Pelle marrone chiaro,False,Pelle
Motion Trek PT,Scarpe da uomo,89.95,71.96,Pelle marrone chiaro scuro,True,Pelle
Motion Trek PT,Scarpe da uomo,89.95,71.96,Pelle nera,True,Pelle
Craftdean Wing Brogue,Scarpe da uomo,140.0,112.0,Pelle marrone chiaro scuro,True,Pelle
Flexwell Tie,Scarpe da uomo,80.0,64.0,Camoscio grigio,True,Camoscio
Flexway Step Loafer,Scarpe da uomo,80.0,64.0,acero,True,Non specificato
Flexway 2 Eye,Scarpe da uomo,80.0,64.0,Pelle marrone chiaro scuro,True,Pelle
Courtlite2 Run,Scarpe sportive da uomo,119.0,59.5,Nabuk grigio,True,Nabuk
Lockton Lace,Scarpe da uomo,99.95,79.95,Pelle Scamosciata Blu Scuro,True,Pelle
Burford Lace,Scarpe da uomo,89.95,71.95,Marina Militare,True,Non specificato
Burford Lace,Scarpe da uomo,89.95,71.95,Cachi,True,Non specificato
Brockwood Lace,Scarpe sportive da uomo,89.95,71.95,Oliva,True,Non specificato
Brockwood Lace,Scarpe sportive da uomo,89.95,71.95,Marina Militare,True,Non specificato
Tawstock Lace,Scarpe sportive da uomo,79.95,63.95,Maglia nera,True,Maglia
Stanway Lace,Scarpe sportive da uomo,79.95,63.95,Combinazione della Marina,True,Non specificato
Watchet Strap,Scarpe sportive da uomo,99.95,79.95,Pelle nera,True,Pelle
Cosgrove Free,Scarpe da uomo,79.95,63.95,Pelle nera,True,Pelle
Wendell LaceII,Scarpe da uomo,89.95,62.95,Pelle marrone chiaro,True,Pelle
Allston Edge,Scarpe da uomo,89.95,60.0,Nabuk blu scuro,True,Nabuk
Finer Sun,Scarpe da uomo,99.95,79.95,Pelle nera,True,Pelle
Lockton Tie,Scarpe da uomo,99.95,79.95,Pelle grassa marrone chiaro,True,Pelle
Lockton Tie,Scarpe da uomo,99.95,79.95,Pelle grassa blu scuro,True,Pelle
Banstead Lo,Scarpe da uomo,110.0,88.0,Pelle marrone chiaro,True,Pelle
Banstead Lo,Scarpe da uomo,110.0,88.0,Pelle nera,True,Pelle
Banstead Lace,Scarpe da uomo,110.0,88.0,Pelle nera,True,Pelle
Banstead Cap,Scarpe da uomo,110.0,88.0,Pelle marrone chiaro,True,Pelle
Banstead Cap,Scarpe da uomo,110.0,88.0,Pelle nera,True,Pelle
Lockton Lace,Scarpe da uomo,99.95,79.95,Pelle marrone chiaro,True,Pelle
Lockton Lace,Scarpe da uomo,99.95,79.95,Cola scamosciata,True,Non specificato
Lockton Lace,Scarpe da uomo,99.95,79.95,Pelle nera,True,Pelle
Tawstock Lace,Scarpe sportive da uomo,79.95,63.95,Maglia grigia,True,Maglia
Fosse Cup,Scarpe sportive da uomo,80.0,56.0,Combinazione bianca,True,Non specificato
Fosse Go,Scarpe sportive da uomo,80.0,64.0,Pelle nera,True,Pelle
Fosse Go,Scarpe sportive da uomo,80.0,64.0,Bianco,True,Non specificato
Fosse Go,Scarpe sportive da uomo,80.0,64.0,Oliva,True,Non specificato
Stanway Lace,Scarpe sportive da uomo,79.95,63.95,Combinazione kaki,True,Non specificato
Stanway Lace,Scarpe sportive da uomo,79.95,63.95,Combinazione nera,True,Non specificato
Watchet Step,Scarpe sportive da uomo,99.95,79.95,Pelle nera,True,Pelle
Watchet Lace,Scarpe sportive da uomo,99.95,79.95,Pelle marrone chiaro scuro,True,Pelle
Motion Trek LO,Scarpe da uomo,80.0,64.0,Maglia grigia,True,Maglia
Cosgrove Free,Scarpe da uomo,79.95,63.95,Pelle marrone chiaro scuro,True,Pelle
Cosgrove Cap,Scarpe da uomo,79.95,63.95,Pelle marrone chiaro scuro,True,Pelle
Brandon Step Loafer,Scarpe da uomo,79.95,63.96,Pelle nera,True,Pelle
Brandon Lace,Scarpe da uomo,119.0,83.3,Pelle nera,True,Pelle
Burchill Derby,Scarpe da uomo,89.95,62.95,Pelle di cera d'api,True,Pelle
Atticus LT Lo GORE-TEX,Scarpe da uomo,130.0,104.0,Pelle nera,True,Pelle
Bradley Free,Scarpe da uomo,86.99,43.49,Tan caduto,True,Non specificato
Bradley Vibe,Scarpe da uomo,89.95,71.95,Tan caduto,True,Non specificato
Bradley Free,Scarpe da uomo,86.99,60.0,Pelle bottalata nera,True,Pelle
Bradley Vibe,Scarpe da uomo,89.95,71.95,Pelle bottalata nera,True,Pelle
Paulson Plain,Scarpe da uomo,89.95,71.95,Pelle nera,True,Pelle
Cleyhill Seam,Scarpe da uomo,120.0,120.0,Pelle marrone,False,Pelle
Brodin Lace,Scarpe da uomo,89.95,89.95,Nero,False,Non specificato
Howard Walk,Scarpe da uomo,100.0,100.0,Pelle marrone chiaro scuro,False,Pelle
Enford Lace,Scarpe sportive da uomo,80.0,80.0,Nero,False,Non specificato
Berwick Lo,Scarpe da uomo,85.0,85.0,Pelle scamosciata marrone scuro,False,Pelle
Tor 80,Scarpe Originals Icon da Uomo,130.0,130.0,Pelle mista bianca,False,Pelle
Wallabee,Scarpe Originals Icon da Uomo,130.0,130.0,Camoscio rosa chiaro,False,Camoscio
Craft Rally Ace,Scarpe sportive da uomo,110.0,110.0,Pelle scamosciata bianco sporco,False,Pelle
Berwick Seam,Scarpe da uomo,85.0,85.0,Pelle marrone,False,Pelle
Desert Trek,Scarpe Originals da Uomo,120.0,120.0,cera d'api,False,Non specificato
Craft Swift,Scarpe sportive da uomo,120.0,120.0,Pelle nera,False,Pelle
Howard Cap,Scarpe da uomo,100.0,100.0,Pelle nera,False,Pelle
Howard Walk,Scarpe da uomo,100.0,100.0,Pelle nera,False,Pelle
Torford Tassel,Scarpe da uomo,119.0,59.5,Cola scamosciata,True,Non specificato
Howard Edge Loafer,Scarpe da uomo,100.0,100.0,Pelle nera,False,Pelle
Aldwin Step Loafer,Scarpe da uomo,110.0,110.0,Pelle nera,False,Pelle
Cotrell Edge,Scarpe da uomo,80.0,64.0,Marrone oleoso,True,Non specificato
Motion Trek LO,Scarpe da uomo,80.0,64.0,Maglia color sabbia,True,Maglia
Burchill Derby,Scarpe da uomo,89.95,71.95,Pelle marrone chiaro scuro,True,Pelle
Burchill Derby,Scarpe da uomo,89.95,62.95,Pelle nera,True,Pelle
ClarksPro Lace,Scarpe da uomo,149.0,119.2,Pelle nera,True,Pelle
Craftdean Lace,Scarpe da uomo,140.0,112.0,Pelle nera,True,Pelle
Banstead Tip,Scarpe da uomo,110.0,88.0,Pelle marrone chiaro,True,Pelle
Banstead Tip,Scarpe da uomo,110.0,88.0,Pelle nera,True,Pelle
Watchet Lace,Scarpe sportive da uomo,99.95,79.95,Pelle nera,True,Pelle
Motion Trek LO,Scarpe da uomo,80.0,64.0,Maglia blu scuro,True,Maglia
Burchill Penny,Scarpe da uomo,89.95,62.95,Pelle nera,True,Pelle
Craftdean Cap,Scarpe da uomo,140.0,112.0,Pelle nera,True,Pelle
