Scarpe,Prezzo,Materiale,Tipo,Sottotipo
Men's Leather Loafers,139.5,Leather,Loafers,Leather Loafers
Men's Leather Loafers,139.5,Leather,Loafers,Leather Loafers
Men's Leather Loafers,139.5,Leather,Loafers,Leather Loafers
Men's Patent Oxford Shoes,149.5,Patent,Oxford Shoes,Patent Oxford Shoes
Men's Leather Derbys,149.5,Leather,Derby Shoes,Leather Derby Shoes
Men's Double Leather Buckle,159.5,Leather,Buckle Shoes,Leather Buckle Shoes
Men's Leather Loafers,139.5,Leather,Loafers,Leather Loafers
Men's Leather Loafers,139.5,Leather,Loafers,Leather Loafers
Men's Leather Sneakers,129.5,Leather,Sneakers,Low Sneakers
Men's Suede Loafers,149.5,Suede,Loafers,Suede Loafers
Men's Suede Loafers,149.5,Suede,Loafers,Suede Loafers
Men's Leather Derbys,149.5,Leather,Derby Shoes,Leather Derby Shoes
Men's Leather Derbys,149.5,Leather,Derby Shoes,Leather Derby Shoes
Men's Suede Loafers,139.5,Suede,Loafers,Suede Loafers
Men's Suede Derby Shoes,139.5,Suede,Derby Shoes,Suede Derby Shoes
Men's Leather Sneakers,159.5,Leather,Sneakers,Low Sneakers
Men's Leather Sneakers,159.5,Leather,Sneakers,Low Sneakers
Men's Leather And Suede Sneakers,145.0,Leather,Sneakers,Low Sneakers
Men's Leather And Suede Sneakers,145.0,Leather,Sneakers,Low Sneakers
Men's Suede Sneakers,149.5,Suede,Sneakers,Low Sneakers
Men's Leather And Suede Sneakers,139.5,Leather,Sneakers,Low Sneakers
Men's Leather And Suede Sneakers,139.5,Leather,Sneakers,Low Sneakers
Men's Leather Sneakers,349.0,Leather,Sneakers,Low Sneakers
Men's Leather Derbys,149.5,Leather,Derby Shoes,Leather Derby Shoes
Men's Leather Tie-Up Shoes,159.5,Leather,Tie-Up Shoes,Leather Tie-Up Shoes
Men's Leather Loafers,159.5,Leather,Loafers,Leather Loafers
Men's Leather Tie-Up Shoes,149.5,Leather,Tie-Up Shoes,Leather Tie-Up Shoes
Men's Leather Tie-Up Shoes,149.5,Leather,Tie-Up Shoes,Leather Tie-Up Shoes
Men's Leather Tie-Up Shoes,149.5,Leather,Tie-Up Shoes,Leather Tie-Up Shoes
Men's Leather Sneakers,159.5,Leather,Sneakers,Low Sneakers
Men's Leather Sneakers,159.5,Leather,Sneakers,Low Sneakers
Men's Suede And Canvas Sneakers,159.5,Suede,Sneakers,Low Sneakers
Men's Suede And Canvas Sneakers,159.5,Suede,Sneakers,Low Sneakers
Men's Suede Sneakers,139.5,Suede,Sneakers,Low Sneakers
Men's Suede Sneakers,139.5,Suede,Sneakers,Low Sneakers
Men's Leather Sneakers,139.5,Leather,Sneakers,Low Sneakers
Men's Leather And Suede Sneakers,145.0,Leather,Sneakers,Low Sneakers
Men's Leather And Suede Sneakers,149.5,Leather,Sneakers,Low Sneakers
Men's Leather Sneakers,149.5,Leather,Sneakers,Low Sneakers
Men's Leather Sneakers,149.5,Leather,Sneakers,Low Sneakers
Men's Suede Sneakers,149.5,Suede,Sneakers,Low Sneakers
Men's Suede Sneakers,149.5,Suede,Sneakers,Low Sneakers
Men's Suede Sneakers,159.5,Suede,Sneakers,Low Sneakers
Men's Suede Sneakers,159.5,Suede,Sneakers,Low Sneakers
Men's Leather And Canvas Sneakers,159.5,Leather,Sneakers,Low Sneakers
Men's Suede Slippers,89.9,Suede,Slippers,Suede Slippers
Men's Suede Slippers,89.9,Suede,Slippers,Suede Slippers
Men's Suede Slippers,89.9,Suede,Slippers,Suede Slippers
Men's Leather Slippers,75.0,Leather,Slippers,Leather Slippers
Men's Leather Slippers,75.0,Leather,Slippers,Leather Slippers
Men's Leather Slippers,75.0,Leather,Slippers,Leather Slippers
Men's Leather Slippers,75.0,Leather,Slippers,Leather Slippers
Men's Leather Slippers,75.0,Leather,Slippers,Leather Slippers
Men's Leather Slippers,75.0,Leather,Slippers,Leather Slippers
Men's Leather Derbys,159.5,Leather,Derby Shoes,Leather Derby Shoes
Men's Suede Loafers,149.5,Suede,Loafers,Suede Loafers
Men's Suede Tie-Up Shoes,149.5,Suede,Tie-Up Shoes,Suede Tie-Up Shoes
Men's Suede Tie-Up Shoes,149.5,Suede,Tie-Up Shoes,Suede Tie-Up Shoes
Men's Leather Loafers,159.5,Leather,Loafers,Leather Loafers
Men's Suede Sneakers,139.5,Suede,Sneakers,Low Sneakers
Men's Leather Sneakers,129.5,Leather,Sneakers,Low Sneakers
Men's Patent Leather Loafers,149.5,Leather,Loafers,Leather Loafers
Men's Leather Loafers,149.5,Leather,Loafers,Leather Loafers
Men's Suede Loafers,139.5,Suede,Loafers,Suede Loafers
Men's Suede Derby Shoes,139.5,Suede,Derby Shoes,Suede Derby Shoes
Men's Patent Derby Shoes,149.5,Patent,Derby Shoes,Patent Derby Shoes
Men's Leather And Suede Sneakers,139.5,Leather,Sneakers,Low Sneakers
Men's Leather Tie-Up Shoes,159.5,Leather,Tie-Up Shoes,Leather Tie-Up Shoes
Men's Leather Derbys,159.5,Leather,Derby Shoes,Leather Derby Shoes
Men's Suede Loafers,149.5,Suede,Loafers,Suede Loafers
Men's Leather Loafers,159.5,Leather,Loafers,Leather Loafers
Men's Suede And Canvas Sneakers,159.5,Suede,Sneakers,Low Sneakers
"Men's Leather, Canvas And Suede Sneakers",159.5,Leather,Sneakers,Low Sneakers
"Men's Leather, Canvas And Suede Sneakers",159.5,Leather,Sneakers,Low Sneakers
"Men's Leather, Canvas And Suede Sneakers",159.5,Leather,Sneakers,Low Sneakers
Men's Leather And Suede Sneakers,149.5,Leather,Sneakers,Low Sneakers
Men's Leather And Suede Sneakers,149.5,Leather,Sneakers,Low Sneakers
Men's Leather And Suede Sneakers,149.5,Leather,Sneakers,Low Sneakers
Men's Leather And Suede Sneakers,149.5,Leather,Sneakers,Low Sneakers
Men's Leather And Suede Sneakers,149.5,Leather,Sneakers,Low Sneakers
Men's Leather And Suede Sneakers,149.5,Leather,Sneakers,Low Sneakers
Men's Leather Sneakers,145.0,Leather,Sneakers,Low Sneakers
Men's Leather Sneakers,145.0,Leather,Sneakers,Low Sneakers
Men's Leather And Suede Sneakers,145.0,Leather,Sneakers,Low Sneakers
Men's Leather And Suede Sneakers,149.5,Leather,Sneakers,Low Sneakers
Men's Leather And Suede Sneakers,149.5,Leather,Sneakers,Low Sneakers
Men's Leather And Suede Sneakers,149.5,Leather,Sneakers,Low Sneakers
Men's Leather Sneakers,159.5,Leather,Sneakers,Low Sneakers
Men's Leather Sneakers,159.5,Leather,Sneakers,Low Sneakers
Men's Leather And Suede Sneakers,149.5,Leather,Sneakers,Low Sneakers
Men's Leather And Suede Sneakers,149.5,Leather,Sneakers,Low Sneakers
Men's Leather And Suede Sneakers,149.5,Leather,Sneakers,Low Sneakers
Men's Leather Sneakers,159.5,Leather,Sneakers,Low Sneakers
Men's Leather And Suede Sneakers,145.0,Leather,Sneakers,Low Sneakers
Men's Leather And Suede Sneakers,145.0,Leather,Sneakers,Low Sneakers
Men's Leather Sneakers,149.5,Leather,Sneakers,Low Sneakers
Men's Patent Tie-Up Shoes,159.5,Patent,Tie-Up Shoes,Patent Tie-Up Shoes
Men's Patent Tie-Up Shoes,159.5,Patent,Tie-Up Shoes,Patent Tie-Up Shoes
Men's Leather Tie-Up Shoes,149.5,Leather,Tie-Up Shoes,Leather Tie-Up Shoes
Men's Suede Sneakers,145.0,Suede,Sneakers,Low Sneakers
Men's Leather Combat Boots,199.5,Leather,Combat Boots,Leather Combat Boots
Men's Leather Sneakers,149.5,Leather,Sneakers,Low Sneakers
Men's High Top Leather Sneakers,189.5,Leather,Sneakers,High Top Sneakers
Men's Leather Combat Boots,199.5,Leather,Combat Boots,Leather Combat Boots
Men's Leather Chelsea Boots,159.5,Leather,Chelsea Boots,Leather Chelsea Boots
Men's Leather Tie-Up Shoes,159.5,Leather,Tie-Up Shoes,Leather Tie-Up Shoes
Men's Suede Loafers,139.5,Suede,Loafers,Suede Loafers
Men's Suede Loafers,139.5,Suede,Loafers,Suede Loafers
Men's Leather Loafers,159.5,Leather,Loafers,Leather Loafers
Men's Leather Loafers,159.5,Leather,Loafers,Leather Loafers
Men's Leather Sneakers,149.5,Leather,Sneakers,Low Sneakers
Men's Leather Chelsea Boots,159.5,Leather,Chelsea Boots,Leather Chelsea Boots
Men's Leather Tie-Up Shoes,139.5,Leather,Tie-Up Shoes,Leather Tie-Up Shoes
Men's Patent Tie-Up Shoes,159.5,Patent,Tie-Up Shoes,Patent Tie-Up Shoes
Men's Leather And Suede Sneakers,145.0,Leather,Sneakers,Low Sneakers
Men's Leather Sneakers,159.5,Leather,Sneakers,Low Sneakers
Men's Suede Sneakers,145.0,Suede,Sneakers,Low Sneakers
Men's High Top Leather Sneakers,189.5,Leather,Sneakers,High Top Sneakers
Men's Leather Tie-Up Shoes,149.5,Leather,Tie-Up Shoes,Leather Tie-Up Shoes
Men's Leather Tie-Up Shoes,149.5,Leather,Tie-Up Shoes,Leather Tie-Up Shoes
Men's Leather Tie-Up Shoes,149.5,Leather,Tie-Up Shoes,Leather Tie-Up Shoes
Men's Leather Tie-Up Shoes,159.5,Leather,Tie-Up Shoes,Leather Tie-Up Shoes
Men's Leather Loafers,149.5,Leather,Loafers,Leather Loafers
Men's Leather Loafers,149.5,Leather,Loafers,Leather Loafers
Men's Leather Loafers,149.5,Leather,Loafers,Leather Loafers
Men's Leather Loafers,159.5,Leather,Loafers,Leather Loafers
Men's Leather Loafers,159.5,Leather,Loafers,Leather Loafers
Men's Suede Loafers,149.5,Suede,Loafers,Suede Loafers
Men's Suede Loafers,149.5,Suede,Loafers,Suede Loafers
Men's Suede Loafers,149.5,Suede,Loafers,Suede Loafers
Men's Suede Loafers,149.5,Suede,Loafers,Suede Loafers
Men's Suede Tie-Up Shoes,139.5,Suede,Tie-Up Shoes,Suede Tie-Up Shoes
Men's Suede Tie-Up Shoes,139.5,Suede,Tie-Up Shoes,Suede Tie-Up Shoes
Men's Leather Chelsea Boots,169.5,Leather,Chelsea Boots,Leather Chelsea Boots
Men's Leather Loafers,159.5,Leather,Loafers,Leather Loafers
Men's Leather Chelsea Boots,179.5,Leather,Chelsea Boots,Leather Chelsea Boots
Men's Leather Chelsea Boots,179.5,Leather,Chelsea Boots,Leather Chelsea Boots
Men's Leather Tie-Up Shoes,155.0,Leather,Tie-Up Shoes,Leather Tie-Up Shoes
Men's Suede Tie-Up Shoes,145.0,Suede,Tie-Up Shoes,Suede Tie-Up Shoes
Men's Suede Tie-Up Shoes,145.0,Suede,Tie-Up Shoes,Suede Tie-Up Shoes
Men's Suede Chelsea Boots,159.5,Suede,Chelsea Boots,Suede Chelsea Boots
Men's Suede Chelsea Boots,159.5,Suede,Chelsea Boots,Suede Chelsea Boots
Men's Suede Chelsea Boots,159.5,Suede,Chelsea Boots,Suede Chelsea Boots
Men's Suede Desert Boots,139.5,Suede,Desert Boots,Suede Desert Boots
Men's Suede Desert Boots,139.5,Suede,Desert Boots,Suede Desert Boots
Men's Suede Chelsea Boots,155.0,Suede,Chelsea Boots,Suede Chelsea Boots
Men's Suede Chelsea Boots,155.0,Suede,Chelsea Boots,Suede Chelsea Boots
Men's Suede Chelsea Boots,155.0,Suede,Chelsea Boots,Suede Chelsea Boots
Men's Leather Sneakers,149.5,Leather,Sneakers,Low Sneakers
Men's Leather Sneakers,149.5,Leather,Sneakers,Low Sneakers
Men's Leather Sneakers,149.5,Leather,Sneakers,Low Sneakers
"Men's Suede, Leather And Canvas Sneakers",149.5,Leather,Sneakers,Low Sneakers
"Men's Suede, Leather And Canvas Sneakers",149.5,Leather,Sneakers,Low Sneakers
"Men's Suede, Leather And Canvas Sneakers",149.5,Leather,Sneakers,Low Sneakers
Men's Leather And Suede Sneakers,159.5,Leather,Sneakers,Low Sneakers
Men's Suede Sneakers,139.5,Suede,Sneakers,Low Sneakers
Men's Suede Sneakers,139.5,Suede,Sneakers,Low Sneakers
Men's Leather And Suede Sneakers,149.5,Leather,Sneakers,Low Sneakers
Men's Leather And Suede Sneakers,149.5,Leather,Sneakers,Low Sneakers
Men's Leather And Suede Sneakers,159.5,Leather,Sneakers,Low Sneakers
